LA_code,LA_name,cycling_weekly,cycling_rank,walking_thriceweekly,walking_rank,weekly_greenspace_visits,greenspace_rank,hospital_experience_score,hospital_rank,number_gp_practices,gppractices_per_thousand,pct_canseegp,gp_rank,dentists_per_thousand,dentists_rank,public_bike_docks,overall_rank,overall_grade
E06000053,ISLES OF SCILLY,30.6,1.70570374274572,68.4,1.69117777783418,NA,NA,NA,NA,1,0.434782608695652,0.964912280701754,1.71354233794348,NA,NA,NA,1.70347461950779,A
E07000203,MID SUFFOLK,13,1.26241350451802,58.7,1.12263368158223,2.13318777292576,1.47755821185374,NA,NA,10,0.102459016393443,0.92443919716647,1.69238749426517,NA,NA,NA,1.38874822305479,A
E07000053,WEYMOUTH AND PORTLAND,13.8,1.37323606407495,56.7,0.737180057004641,2.16748768472906,1.49732487689527,NA,NA,9,0.138461538461538,0.87089061566049,1.45968421380371,NA,NA,NA,1.26685630294464,A
E07000164,HAMBLETON,12,1.00222140816698,61.7,1.4550874327804,1.44278606965174,0.301441641883205,92,1.31853400912981,11,0.12263099219621,0.877702285361334,1.51257132299949,NA,NA,NA,1.11797116299198,B
E07000035,DERBYSHIRE DALES,11.7,0.910672337228649,61.2,1.41654207032264,2.61417322834646,1.6653415297482,NA,NA,13,0.182328190743338,0.883023395320936,1.56545843219528,0.0701262272089762,-0.022979154374067,NA,1.10700704302414,B
E07000225,CHICHESTER,14.8,1.42623815777608,59.6,1.25754245018439,1.94117647058824,1.22059156631396,74,0.909686254360876,12,0.104803493449782,0.830525272547076,0.560603357475337,NA,NA,NA,1.07493235722213,B
E07000166,RICHMONDSHIRE,8.3,-0.534839309166032,63,1.53699632800314,2.10055865921788,1.41825821672918,NA,NA,9,0.166975881261596,0.925320886814469,1.70296491610432,NA,NA,NA,1.03084503791765,B
E07000091,NEW FOREST,17.5,1.61897304396204,60.3,1.33945134540713,NA,NA,NA,NA,17,0.0958286358511838,0.846846846846847,1.05774218391573,0.0789177001127396,0.103406194683301,NA,1.02989319199205,B
E07000221,STRATFORD-ON-AVON,12.7,1.16604606142504,51.5,-0.847997974070698,2.26848249027237,1.56650820454059,196,1.65583340681418,19,0.157545605306799,0.846236559139785,1.04716476207657,0.290215588723051,1.34428053088292,NA,0.988639165278101,B
E07000216,WAVERLEY,12.7,1.16604606142504,53.7,-0.139726938909376,2.03636363636364,1.33919155656309,NA,NA,15,0.123051681706317,0.868483816013629,1.37506483909045,0.188679245283019,1.19491602745148,NA,0.987098309124138,B
E07000237,WORCESTER,14.9,1.44551164639468,58.9,1.15636087373277,1.55678233438486,0.568291619943748,66,0.408847754768933,10,0.100401606425703,0.864302235929067,1.27986804253803,NA,NA,NA,0.971775987475633,B
E07000191,WEST SOMERSET,9.9,0.212008374804553,65.9,1.65263241537642,1.96923076923077,1.23047489883472,NA,NA,7,0.202312138728324,0.878120411160059,1.52314874483865,0.0867052023121387,0.22979154374067,NA,0.969611195519003,B
E07000223,ADUR,13.8,1.37323606407495,60.2,1.32499683448547,NA,NA,NA,NA,9,0.145395799676898,0.865060240963855,1.3116003080555,0.0646203554119548,-0.195322812179569,NA,0.953627598609087,B
E07000011,HUNTINGDONSHIRE,13.1,1.28168699313662,57.5,0.929906869293436,1.70569280343716,0.914208258170377,72,0.807474315668643,23,0.134502923976608,0.869373622914699,1.40679710460792,0.087719298245614,0.252770698114737,NA,0.932140706498622,B
E07000082,STROUD,10.3,0.40956163314516,55.6,0.409544476113689,1.97867298578199,1.25024156387625,NA,NA,20,0.17636684303351,0.866332116788321,1.33275515173382,0.211640211640212,1.25236391338665,NA,0.930893347651113,B
E07000040,EAST DEVON,14.2,1.38769118053889,60.5,1.37799670786488,1.99726402188782,1.27000822891777,NA,NA,14,0.104166666666667,0.85234093637455,1.11062929311152,0.0520833333333333,-0.528520550603541,NA,0.923560971965904,B
E07000094,WINCHESTER,13.7,1.358780947611,59.9,1.29608781264215,2.1027397260274,1.42814154924994,66,0.408847754768933,10,0.0849617672047579,0.809956917185256,0,0.144435004248088,0.896187020588612,NA,0.898007514143439,B
E07000031,SOUTH LAKELAND,10.5,0.520384192702085,60.4,1.358724026636,1.52040816326531,0.449691629694618,NA,NA,23,0.222222222222222,0.870616113744076,1.42795194828624,0.1256038647343,0.72384336278311,NA,0.896119032020411,B
E06000017,RUTLAND,12.7,1.16604606142504,67,1.6719050966053,1.71428571428571,0.94385825573266,NA,NA,4,0.108108108108108,0.790996784565916,-0.423096873566292,NA,NA,NA,0.839678135049177,B
E06000046,ISLE OF WIGHT,9.6,0.101185815247628,57,0.833543463149038,2.08836789900812,1.39849155168766,64,0.296414622207477,17,0.122566690699351,0.876210235131397,1.50199390116034,NA,NA,NA,0.826325870690427,B
E07000205,SUFFOLK COASTAL,15.5,1.51296885655977,62.5,1.5032691358526,1.71428571428571,0.94385825573266,NA,NA,14,0.112630732099759,0.858061325420376,1.21640351150309,0.0321802091713596,-1.06853067839411,NA,0.8215938162508,B
E07000178,OXFORD,34.3,1.71534048705502,57.2,0.862452484992358,1.24170616113744,-0.212491649196358,64,0.296414622207477,26,0.170491803278689,0.839853644807205,0.846193747132584,0.314754098360656,1.37874926244402,NA,0.81444315910585,B
E07000222,WARWICK,11.6,0.876943732146106,58.4,1.10336100035335,1.35211267605634,0.133424989030271,80,1.17543729496068,17,0.122655122655123,0.864864864864865,1.30102288621635,0.0865800865800866,0.218301966553636,NA,0.801415311543399,B
E07000180,VALE OF WHITE HORSE,15.1,1.48405862363187,56.8,0.76608907884796,1.68996960486322,0.874674928087334,NA,NA,12,0.0977198697068404,0.816391941391941,0.253858124139775,0.11400651465798,0.585968436538708,NA,0.79292983824913,B
E07000189,SOUTH SOMERSET,11.4,0.795031405517074,57.2,0.862452484992358,1.86975717439294,1.14152490614788,57,-0.18398148964602,27,0.165644171779141,0.892888498683055,1.60776811955191,0.110429447852761,0.528520550603541,NA,0.791885996194456,B
E07000093,TEST VALLEY,13.3,1.31541559821916,54.5,0.0289090218433192,2.63636363636364,1.68510819478972,NA,NA,10,0.0854700854700855,0.816104461371056,0.232703280461461,0.11965811965812,0.654905899660909,NA,0.783408398994914,B
E07000179,SOUTH OXFORDSHIRE,15,1.46478513501328,57,0.833543463149038,2.29192546583851,1.58627486958211,NA,NA,15,0.11070110701107,0.857087678640402,1.19524866782477,0.029520295202952,-1.17193687307742,NA,0.781583052498357,B
E07000046,TORRIDGE,7.4,-0.925127453692596,58.4,1.10336100035335,1.97847358121331,1.24035823135548,NA,NA,10,0.154559505409583,0.90053557765876,1.63950038506938,0.139103554868624,0.827249557466411,NA,0.777068344110407,B
E07000029,COPELAND,12,1.00222140816698,61.4,1.42617841093708,1.40684410646388,0.222374981717119,63,0.194202683515243,11,0.15647226173542,0.842493297587131,0.973122809202471,NA,NA,NA,0.763620058707779,B
E07000176,RUSHCLIFFE,12.6,1.10822559556926,53.6,-0.192726812288795,1.89285714285714,1.18105823623092,NA,NA,15,0.134408602150538,0.840793724042455,0.930813121845842,NA,NA,NA,0.756842535339306,B
E07000085,EAST HAMPSHIRE,11.5,0.838396754908915,53.5,-0.236090345053774,2.14318181818182,1.48744154437451,NA,NA,17,0.146048109965636,0.868568958063122,1.38564226092961,0.0945017182130584,0.287239429675837,NA,0.752525928967018,B
E06000022,BATH AND NORTH EAST SOMERSET,10.8,0.621570007949713,63,1.53699632800314,1.88098495212038,1.1612915711894,85,1.26742803978369,28,0.157657657657658,0.83989218328841,0.856771168971741,0.0337837837837838,-1.01108279245895,NA,0.738829053906456,B
E07000079,COTSWOLD,9,-0.178279769722011,55,0.173454131059916,2.25984251968504,1.55662487201983,NA,NA,13,0.155502392344498,0.881979695431472,1.55488101035612,0.107655502392345,0.505541396229474,NA,0.722444327988667,B
E07000047,WEST DEVON,10,0.26982884066034,63.9,1.5755416904609,1.60337552742616,0.716541607755161,NA,NA,10,0.185528756957328,0.821782178217822,0.317322655174719,NA,NA,NA,0.71980869851278,B
E09000013,HAMMERSMITH AND FULHAM,19.2,1.67679350981783,65.9,1.65263241537642,1.18918918918919,-0.291558309362445,129,1.47185191716816,31,0.172317954419122,0.730690537084399,-1.55488101035612,0.222345747637576,1.28683264494775,1471,0.706945194598598,B
E06000043,BRIGHTON AND HOVE,12,1.00222140816698,64.5,1.60926888261144,1.26538461538462,-0.133424989030271,61,0.0817695509537866,47,0.170413343002175,0.835738608723853,0.750996950580168,0.148658448150834,0.930655752149713,NA,0.706914592571969,B
E07000012,SOUTH CAMBRIDGESHIRE,18.1,1.65270164904458,55.6,0.409544476113689,2.02958579881657,1.31942489152157,NA,NA,17,0.112508272667108,0.844703770197487,1.00485507471994,0.0397088021178028,-0.861718289027512,NA,0.704961560474455,B
E07000043,NORTH DEVON,8.9,-0.245736979887096,62.4,1.49363279523816,1.66034482758621,0.845024930525051,73,0.848359091145536,13,0.138592750533049,0.828571428571429,0.497138826440393,NA,NA,NA,0.687683732692409,B
E07000133,MELTON,9,-0.178279769722011,63.5,1.5514508389248,1.87351778656126,1.15140823866864,NA,NA,5,0.0984251968503937,0.802895322939866,-0.190393593104831,0.177165354330709,1.10299940995522,NA,0.687437024944362,B
E09000027,RICHMOND UPON THAMES,21.4,1.69606699843643,64.3,1.599632541997,1.15360501567398,-0.35085830448701,NA,NA,33,0.17451084082496,0.777230046948357,-0.835616325293427,0.206240084611317,1.22938475901258,NA,0.667721933933114,C
E09000022,LAMBETH,16.6,1.6045179274981,62.8,1.52254181708148,0.839317773788151,-1.05257491346103,164,1.63539101907573,51,0.164410058027079,0.795006207752794,-0.380787186209663,0.109606705351386,0.517030973416507,946,0.641019939566854,C
E07000188,SEDGEMOOR,13.4,1.32987071468311,53.4,-0.264999366897093,1.64827586206897,0.815374932962769,NA,NA,15,0.129198966408269,0.833109619686801,0.66637757586691,NA,NA,NA,0.636655964153923,C
E07000167,RYEDALE,9.4,0.0192734886185957,59.3,1.22863342834107,1.40084388185654,0.202608316675597,NA,NA,7,0.134357005758157,0.849588719153937,1.07889702759404,NA,NA,NA,0.632353065307326,C
E07000131,HARBOROUGH,8.3,-0.534839309166032,58.9,1.15636087373277,2.25,1.54179987323869,NA,NA,8,0.0925925925925926,0.830678466076696,0.571180779314494,0.104166666666667,0.402135201546172,NA,0.627327483733219,C
E07000135,OADBY AND WIGSTON,9.1,-0.115640931711574,55.2,0.274635707511533,1.92307692307692,1.20082490127244,NA,NA,10,0.17825311942959,0.829611248966088,0.539448513797022,0.17825311942959,1.11448898714225,NA,0.602751435602334,C
E06000023,BRISTOL,15.8,1.55151583379696,59.1,1.19972440649775,NA,NA,142,1.51273669264505,56,0.129479768786127,0.796143250688705,-0.370209764370505,0.0393063583815029,-0.884697443401579,NA,0.601813945033535,C
E07000050,NORTH DORSET,7.3,-0.968492803084436,55.8,0.501089711950867,2.12307692307692,1.45779154681222,NA,NA,8,0.115440115440115,0.90436005625879,1.6606552287477,0.101010101010101,0.344687315611005,NA,0.599146200007471,C
E07000065,WEALDEN,9.8,0.173461397567362,56.8,0.76608907884796,1.33333333333333,0.0543583288641846,NA,NA,21,0.139072847682119,0.845001628134158,1.03658734023742,0.152317880794702,0.95363490652378,NA,0.59682621040814,C
E07000099,NORTH HERTFORDSHIRE,13.6,1.3491442033017,52.3,-0.607089458709704,1.59485530546624,0.677008277672117,NA,NA,15,0.116822429906542,0.817282070803198,0.264435545978932,0.225856697819315,1.29832222213478,NA,0.596364158075566,C
E07000078,CHELTENHAM,14.3,1.39732792484819,56.9,0.799816270998499,1.33853354134165,0.0840083264264671,69,0.684819989237963,15,0.129198966408269,0.781551362683438,-0.740419528741011,0.232558139534884,1.30981179932182,NA,0.589227463681988,C
E07000163,CRAVEN,9.6,0.101185815247628,62,1.48399645462372,5.4,1.714758192352,NA,NA,6,0.108108108108108,0.771587743732591,-0.951967965524157,NA,NA,NA,0.586993124174799,C
E07000044,SOUTH HAMS,7.7,-0.756484428279883,55.9,0.539635074408626,1.71768707482993,0.963624920774181,NA,NA,11,0.131578947368421,0.886590038314176,1.58661327587359,NA,NA,NA,0.58334721069413,C
E07000005,CHILTERN,8.4,-0.505929076238138,53.7,-0.139726938909376,2.32142857142857,1.6159248671444,NA,NA,11,0.118279569892473,0.870670995670996,1.43852937012539,0.10752688172043,0.49405181904244,NA,0.580570008232943,C
E07000097,EAST HERTFORDSHIRE,9,-0.178279769722011,55.9,0.539635074408626,2.07692307692308,1.37872488664614,NA,NA,NA,NA,NA,NA,NA,NA,NA,0.580026730444251,C
E07000210,MOLE VALLEY,9.6,0.101185815247628,57.5,0.929906869293436,1.25384615384615,-0.172958319113315,NA,NA,11,0.128205128205128,0.840152755046372,0.867348590810898,0.174825174825175,1.06853067839411,NA,0.558802726926552,C
E07000063,LEWES,11.8,0.944400942311191,61.8,1.46472377339484,1.21311475409836,-0.252024979279401,NA,NA,12,0.121580547112462,0.831223628691983,0.592335622992809,0.0709219858156028,0.0114895771870335,NA,0.552184987321295,C
E06000028,BOURNEMOUTH,12.3,1.06004187402277,58,1.02145210513061,1.58125,0.637474947589074,78,1.10388893787612,24,0.128548473486877,0.816059517701385,0.222125858622303,0.0428494911622925,-0.735332939970144,NA,0.551608463878455,C
E07000008,CAMBRIDGE,48.6,1.72497723136432,56.1,0.616725799324144,0.586206896551724,-1.49732487689527,60,0.0102211938692233,17,0.135782747603834,0.865345869711216,1.32217772989466,0.175718849840256,1.09150983276818,NA,0.544714485054211,C
E07000052,WEST DORSET,7.5,-0.872125359991457,60.4,1.358724026636,1.64739884393064,0.805491600442008,54,-0.388405367030487,20,0.201005025125628,0.904936974789916,1.67123265058685,0.120603015075377,0.677885054034976,NA,0.542133767446316,C
E08000015,WIRRAL,10.1,0.313194190052181,57.8,0.992543083287294,1.52296819787986,0.46945829473614,89,1.28787042752214,61,0.19050593379138,0.85233197125546,1.10005187127236,0.0343535290443473,-0.98810363808488,NA,0.529169038130872,C
E07000235,MALVERN HILLS,9.1,-0.115640931711574,50.6,-1.04554295666671,2.30935251798561,1.59615820210287,NA,NA,9,0.12,0.902616279069767,1.65007780690854,NA,NA,NA,0.521263030158282,C
E07000173,GEDLING,11.3,0.746847683970585,52,-0.693816524239662,1.66876971608833,0.854908263045812,NA,NA,14,0.122699386503067,0.856330749354005,1.17409382414646,NA,NA,NA,0.520508311730799,C
E09000033,WESTMINSTER,13.5,1.3395074589924,68.7,1.70563228875584,0.798728813559322,-1.11187490858559,109,1.39008236621437,31,0.138454667262171,0.716091245376079,-1.6606552287477,0.602947744528808,1.41321799400512,2631,0.512651661772407,C
E07000089,HART,11.5,0.838396754908915,50.3,-1.14190636281111,3.57142857142857,1.70487485983124,NA,NA,9,0.0976138828633406,0.836858006042296,0.78272921609764,0.0976138828633406,0.298729006862871,NA,0.496564694977912,C
E07000148,NORWICH,16.6,1.6045179274981,61.9,1.47436011400928,0.740740740740741,-1.22059156631396,NA,NA,19,0.141474311243485,0.815006468305304,0.190393593104831,0.104244229337305,0.425114355920239,NA,0.494758884843697,C
E07000207,ELMBRIDGE,15.1,1.48405862363187,56.9,0.799816270998499,0.94475138121547,-0.884558260608095,NA,NA,19,0.144486692015209,0.8012912482066,-0.232703280461461,0.220532319391635,1.27534306776072,NA,0.488391284264307,C
E07000229,WORTHING,11.1,0.693845590269447,56.8,0.76608907884796,1,-0.741249939057063,68,0.592829244414953,13,0.122989593188269,0.858603823921743,1.22698093334225,0.10406811731315,0.390645624359139,NA,0.488190088696114,C
E07000009,EAST CAMBRIDGESHIRE,10.2,0.36137791159867,55.1,0.216817663824894,1.54882154882155,0.528758289860705,NA,NA,8,0.0940070505287897,0.837047353760446,0.793306637936797,NA,NA,NA,0.475065125805267,C
E07000169,SELBY,15.1,1.48405862363187,52.6,-0.510726052565307,1.46414342629482,0.321208306924727,NA,NA,7,0.0832342449464923,0.803840877914952,-0.137506483909045,0.190249702734839,1.20640560463852,NA,0.472687999744153,C
E07000084,BASINGSTOKE AND DEANE,11.7,0.910672337228649,53.2,-0.332453751198171,1.41333333333333,0.24214164675864,71,0.76658954019175,18,0.105571847507331,0.82691149909693,0.444251717244607,0.134897360703812,0.781291248718278,NA,0.468748789823959,C
E07000152,EAST NORTHAMPTONSHIRE,8.8,-0.313194190052181,57.4,0.896179677142897,1.56415094339623,0.58805828498527,NA,NA,11,0.125858123569794,0.813618003462204,0.126929062069888,0.160183066361556,1.02257236964598,NA,0.464109040758371,C
E07000048,CHRISTCHURCH,11.9,0.968492803084436,51.6,-0.819088952227379,1.73451327433628,0.973508253294942,NA,NA,7,0.145833333333333,0.833164812942366,0.676954997706067,0.104166666666667,0.413624778733206,NA,0.442698376118255,C
E06000003,REDCAR AND CLEVELAND,10.9,0.655298613032255,51.1,-0.929906869293436,2.06412103746398,1.36884155412538,NA,NA,24,0.177777777777778,0.83235938641344,0.645222732188595,NA,NA,NA,0.434864007513198,C
E06000051,SHROPSHIRE,11.6,0.876943732146106,59.1,1.19972440649775,NA,NA,73,0.848359091145536,45,0.146009085009734,0.798814375694702,-0.285590389657247,0.0551589876703439,-0.471072664668373,NA,0.433672835092754,C
E07000103,WATFORD,9.9,0.212008374804553,54.4,0.00481817030721987,0.903381642512077,-0.94385825573266,76,0.991455805314663,15,0.163576881134133,0.838167938931298,0.835616325293427,0.327153762268266,1.39023883963105,NA,0.415046543269709,C
E07000077,UTTLESFORD,11.1,0.693845590269447,58.7,1.12263368158223,1.98976109215017,1.26012489639701,NA,NA,10,0.1230012300123,0.806411062225016,-0.0846193747132584,0.03690036900369,-0.942145329336746,NA,0.409967892839736,C
E07000177,CHERWELL,11.1,0.693845590269447,55.5,0.37099911365593,1.86295503211991,1.13164157362712,49,-0.776810734060973,19,0.133053221288515,0.807179487179487,-0.0528871091957865,0.161064425770308,1.03406194683301,NA,0.400141730188125,C
E07000124,RIBBLE VALLEY,9.1,-0.115640931711574,55,0.173454131059916,1.43533123028391,0.281674976841684,NA,NA,6,0.104166666666667,0.8603515625,1.25871319885972,NA,NA,NA,0.399550343762436,C
E07000175,NEWARK AND SHERWOOD,13.1,1.28168699313662,56.2,0.645634821167463,2.69369369369369,1.69499152731048,NA,NA,16,0.138169257340242,0.750674373795761,-1.26929062069888,0.0604490500863558,-0.356176892798038,NA,0.39936916562353,C
E07000151,DAVENTRY,9.9,0.212008374804553,51.2,-0.900997847450117,1.77777777777778,1.02292491589875,NA,NA,8,0.102171136653895,0.859701492537313,1.24813577702056,NA,NA,NA,0.395517805068436,C
E07000227,HORSHAM,10.2,0.36137791159867,54.2,-0.0337271921505391,0.867383512544803,-1.02292491589875,NA,NA,14,0.10590015128593,0.878149680330952,1.53372616667781,0.181543116490166,1.12597856432928,NA,0.392886106911295,C
E06000024,NORTH SOMERSET,8.5,-0.467382099000947,53.6,-0.192726812288795,2.42253521126761,1.63569153218592,92,1.31853400912981,26,0.12720156555773,0.840489381348107,0.89908085632837,0.0391389432485323,-0.896187020588612,NA,0.382835077627624,C
E06000040,WINDSOR AND MAIDENHEAD,10.2,0.36137791159867,54.6,0.0722725546082981,1.48561151079137,0.36074163700777,68,0.592829244414953,21,0.1440329218107,0.791590493601462,-0.412519451727135,0.219478737997257,1.26385349057368,NA,0.373092564412707,C
E06000010,KINGSTON UPON HULL,14.9,1.44551164639468,59.9,1.29608781264215,NA,NA,49,-0.776810734060973,59,0.229393468118196,0.799297012302285,-0.264435545978932,0.0777604976671851,0.0804270403092344,NA,0.356156043861231,C
E07000132,HINCKLEY AND BOSWORTH,10.4,0.462563726846298,54.5,0.0289090218433192,1.55072463768116,0.538641622381466,NA,NA,13,0.122641509433962,0.866763565891473,1.34333257357298,0.0471698113207547,-0.620437168099809,NA,0.35060195530885,C
E07000214,SURREY HEATH,12.1,1.03113164109487,50.7,-1.00699759420895,2,1.28977489395929,52,-0.6132716321534,10,0.115473441108545,0.844714686623012,1.0154324965591,0.103926096997691,0.379156047172105,NA,0.349204308737169,C
E07000041,EXETER,15.6,1.52260560086906,65.8,1.63817790445476,1.2719298245614,-0.11365832398875,39,-1.31853400912981,17,0.142378559463987,0.814624505928854,0.179816171265674,0.0837520938023451,0.160854080618469,NA,0.344876904014901,C
E06000037,WEST BERKSHIRE,10.8,0.621570007949713,52.9,-0.419180816728129,1.38461538461538,0.182841651634075,NA,NA,14,0.0906148867313916,0.832200357781753,0.624067888510281,0.122977346278317,0.712353785596077,NA,0.344330503392403,C
E07000153,KETTERING,6.4,-1.27205024882732,55.9,0.539635074408626,1.65751789976134,0.835141598004291,NA,1.71716057002952,8,0.0843881856540084,0.842293906810036,0.962545387363314,0.0421940928270042,-0.792780825905311,NA,0.331608592512187,C
E07000208,EPSOM AND EWELL,9.6,0.101185815247628,53.8,-0.115636087373277,0.968152866242038,-0.845024930525051,81,1.21632207043758,10,0.131406044678055,0.838044758539458,0.825038903454269,0.131406044678055,0.735332939970144,NA,0.319536451868548,C
E07000116,TUNBRIDGE WELLS,8.5,-0.467382099000947,55.8,0.501089711950867,0.974117647058824,-0.82525826548353,58,-0.112433132561457,21,0.181818181818182,0.883218390804598,1.57603585403444,0.207792207792208,1.24087433619962,NA,0.318821067523165,C
E09000007,CAMDEN,10.6,0.563749542093925,69,1.71526862937028,0.770627062706271,-1.15140823866864,75,0.960792223706993,29,0.128888888888889,0.745845272206304,-1.35390999541213,0.182222222222222,1.14895771870335,968,0.313908313298962,C
E07000092,RUSHMOOR,10.5,0.520384192702085,49.6,-1.32017866417825,2.25,1.54179987323869,NA,NA,12,0.126448893572181,0.831867563372995,0.613490466671123,0.0842992623814542,0.172343657805502,NA,0.305567905247831,C
E07000141,SOUTH KESTEVEN,9.3,-0.0385469772371915,58.8,1.13708819250389,1.57894736842105,0.627591615068313,149,1.56384266199117,18,0.133333333333333,0.763139453398739,-1.07889702759404,0.0592592592592593,-0.379156047172105,NA,0.305320402926672,C
E07000149,SOUTH NORFOLK,10.6,0.563749542093925,57.3,0.881725166221237,1.12942779291553,-0.380508302049292,53,-0.49061730572272,14,0.111111111111111,0.841028081865778,0.941390543685,NA,NA,NA,0.30314792884563,C
E07000049,EAST DORSET,8.9,-0.245736979887096,54.8,0.120454257680497,1.56716417910448,0.607824950026791,NA,NA,10,0.113895216400911,0.850993377483444,1.0894744494332,0.0683371298405467,-0.068937463122201,NA,0.300615842826239,C
E09000021,KINGSTON UPON THAMES,11.7,0.910672337228649,58.3,1.07445197851003,0.635332252836305,-1.42814154924994,47,-0.930128642099323,28,0.170835875533862,0.837350926160873,0.803884059775955,0.26235509456986,1.33279095369589,NA,0.293921522976876,C
E07000155,SOUTH NORTHAMPTONSHIRE,7.8,-0.717937451042691,53.2,-0.332453751198171,1.55636363636364,0.558408287422987,NA,NA,8,0.0925925925925926,0.864394993045897,1.29044546437719,0.115740740740741,0.620437168099809,NA,0.283779943531825,C
E07000037,HIGH PEAK,10.8,0.621570007949713,55.4,0.351726432427051,1.6,0.7066582752344,NA,NA,14,0.153677277716795,0.835112059765208,0.740419528741011,0.0329308452250274,-1.03980673542653,NA,0.276113501785129,C
E07000193,EAST STAFFORDSHIRE,10.3,0.40956163314516,50,-1.21417891741941,1.28666666666667,-0.0543583288641846,67,0.511059693461166,17,0.148601398601399,0.856063785144776,1.1635164023073,0.13986013986014,0.838739134653445,NA,0.275723269547247,C
E07000224,ARUN,11.5,0.838396754908915,61.6,1.44545109216596,1.54457050243112,0.518874957339944,NA,NA,18,0.11889035667107,0.810138248847926,0.0211548436783146,0.0198150594451783,-1.44768672556622,NA,0.275238184505383,C
E07000181,WEST OXFORDSHIRE,10.5,0.520384192702085,55.7,0.457726179185888,1.91717791411043,1.19094156875168,NA,NA,13,0.121381886087768,0.812753036437247,0.0846193747132584,0.0373482726423903,-0.930655752149713,NA,0.26460311264064,C
E07000051,PURBECK,11.3,0.746847683970585,52.7,-0.467362519800328,2.08383233532934,1.3886082191669,NA,NA,6,0.132450331125828,0.800670016750419,-0.243280702300618,0.0662251655629139,-0.126385349057368,NA,0.259685466395834,C
E09000020,KENSINGTON AND CHELSEA,11.4,0.795031405517074,64.7,1.61890522322588,0.775700934579439,-1.14152490614788,56,-0.265751040599807,42,0.26940346375882,0.790648804833202,-0.454829139083764,0.153944836433611,0.965124483710813,1486,0.252826004437053,C
E06000049,CHESHIRE EAST,10.1,0.313194190052181,53.4,-0.264999366897093,NA,NA,112,1.41052475395282,41,0.110185434023112,0.802979011509817,-0.169238749426517,0.0671862402579952,-0.103406194683301,NA,0.237214926599618,C
E07000139,NORTH KESTEVEN,15.8,1.55151583379696,57,0.833543463149038,1.10481099656357,-0.4793416272569,NA,NA,13,0.118938700823422,0.767723342939481,-1.0154324965591,NA,NA,NA,0.222571293282499,C
E09000001,CITY OF LONDON,7.7,-0.756484428279883,54.3,-0.00963634061443975,NA,NA,NA,NA,NA,NA,NA,NA,7.63157894736842,1.42470757119215,483,0.219528934099277,C
E07000108,DOVER,11.4,0.795031405517074,60,1.31054232356381,0.706840390879479,-1.27989156143853,NA,NA,18,0.161001788908766,0.811520737327189,0.0423096873566292,NA,NA,NA,0.216997963749745,C
E06000014,YORK,17.8,1.63824653258064,61.5,1.43581475155152,1.56865671641791,0.617708282547552,11,-1.65583340681418,20,0.1,0.781809019904258,-0.729842106901854,0.07,-0.0344687315611005,NA,0.211937553567097,C
E07000144,BROADLAND,11.3,0.746847683970585,53.6,-0.192726812288795,1.27891156462585,-0.0938916589472279,NA,NA,12,0.0958466453674121,0.823000473260767,0.349054920692191,NA,NA,NA,0.202321033356688,C
E07000042,MID DEVON,9,-0.178279769722011,59.1,1.19972440649775,0.571428571428571,-1.52203320819717,NA,NA,13,0.16602809706258,0.840486867392697,0.888503434489213,0.114942528735632,0.608947590912775,NA,0.199372490796112,C
E07000190,TAUNTON DEANE,15.7,1.53224234517836,53,-0.39508996519203,1.56687898089172,0.59794161750603,49,-0.776810734060973,15,0.134649910233393,0.917724288840263,1.68181007242601,0.0179533213644524,-1.48215545712732,NA,0.192989646455013,C
E06000036,BRACKNELL FOREST,8.9,-0.245736979887096,48.7,-1.44545109216596,2,1.28977489395929,NA,NA,13,0.112945264986968,0.823765020026702,0.359632342531348,0.156385751520417,0.999593215271914,NA,0.191562475941899,C
E07000030,EDEN,12.6,1.10822559556926,63.6,1.56108717953924,0,-1.72464152487277,NA,NA,10,0.189753320683112,0.870722433460076,1.44910679196455,0.0189753320683112,-1.45917630275325,NA,0.186920347889405,C
E08000003,MANCHESTER,11.2,0.713119078888042,56.6,0.722725546082981,0.779028132992327,-1.13164157362712,368,1.69671818229107,103,0.201644479248238,0.705954399849256,-1.70296491610432,0.135082223962412,0.792780825905311,NA,0.181789523905994,C
E09000032,WANDSWORTH,15.8,1.55151583379696,64.8,1.62854156384032,0.892093023255814,-0.973508253294942,48,-0.879022672753206,43,0.139474537787869,0.759000537345513,-1.13178413678983,0.142718131689912,0.873207866214545,1446,0.17815836683564,C
E07000130,CHARNWOOD,13.1,1.28168699313662,57.5,0.929906869293436,1.01954732510288,-0.677008277672117,NA,NA,24,0.14218009478673,0.814376204902231,0.169238749426517,0.0414691943127962,-0.815759980279378,NA,0.177612870781015,C
E06000044,PORTSMOUTH,15.2,1.50333211225047,57.3,0.881725166221237,1.31972111553785,0.0148249987811413,67,0.511059693461166,27,0.130560928433269,0.774975751697381,-0.877926012650056,0.0338491295938104,-0.999593215271914,NA,0.172237123798674,C
E07000168,SCARBOROUGH,7.7,-0.756484428279883,64.1,1.58999620138256,1.10130391173521,-0.489224959777661,61,0.0817695509537866,20,0.184162062615101,0.825667980727113,0.423096873566292,NA,NA,NA,0.169830647569019,C
E07000228,MID SUSSEX,7.9,-0.664935357341553,58.3,1.07445197851003,1.28135593220339,-0.0840083264264671,55,-0.327078203815147,15,0.106232294617564,0.810388666908827,0.0317322655174719,0.141643059490085,0.861718289027512,NA,0.148646774245308,D
E08000009,TRAFFORD,9.3,-0.0385469772371915,54.6,0.0722725546082981,1.11812627291242,-0.429924964653096,NA,NA,39,0.170678336980306,0.810026385224274,0.0105774218391573,0.175054704595186,1.08002025558115,NA,0.138879658027663,D
E07000070,CHELMSFORD,10.2,0.36137791159867,54.5,0.0289090218433192,1.59487179487179,0.686891610192878,41,-1.13455251948379,25,0.147666863555818,0.872008324661811,1.47026163564286,0.0472533963378618,-0.608947590912775,NA,0.133990011480195,D
E07000206,WAVENEY,13.2,1.30096048175521,50.4,-1.10817917066057,1.29790026246719,-0.0444749963434238,NA,NA,14,0.121002592912705,0.824600355239787,0.380787186209663,NA,NA,NA,0.13227337524022,D
E06000012,NORTH EAST LINCOLNSHIRE,16.4,1.5852444388795,52.3,-0.607089458709704,1.03088235294118,-0.647358280109835,78,1.10388893787612,31,0.194113963681904,0.827563683866754,0.475983982762078,0.0313087038196619,-1.12597856432928,NA,0.130781842728146,D
E07000111,SEVENOAKS,7.5,-0.872125359991457,50.6,-1.04554295666671,1.61495844875346,0.746191605317443,NA,NA,14,0.120274914089347,0.827004219409283,0.454829139083764,0.309278350515464,1.36725968525699,NA,0.130122422600004,D
E06000054,WILTSHIRE,10.3,0.40956163314516,54,-0.077090724915518,NA,NA,69,0.684819989237963,62,0.13003355704698,0.784512587996659,-0.66637757586691,0.0901845637583893,0.275749852488804,NA,0.1253326348179,D
E06000005,DARLINGTON,8.8,-0.313194190052181,52.4,-0.578180436866385,1.61216730038023,0.736308272796682,40,-1.24698565204525,12,0.114068441064639,0.857617465590887,1.20582608966393,0.152091254752852,0.942145329336746,NA,0.124319902138925,D
E06000019,HEREFORDSHIRE,12.2,1.04558675755882,56.1,0.616725799324144,NA,NA,43,-1.03234058079156,24,0.129799891833423,0.859605911330049,1.2375583551814,0.0270416441319632,-1.25236391338665,NA,0.123033283577232,D
E07000086,EASTLEIGH,11.4,0.795031405517074,51,-0.963634061443975,1.73856209150327,0.983391585815703,NA,NA,16,0.126182965299685,0.799677549375252,-0.253858124139775,0.0709779179810726,0.022979154374067,NA,0.116781992024619,D
E07000217,WOKING,14.4,1.41178304131214,53.5,-0.236090345053774,1.1283422459893,-0.390391634570053,NA,NA,13,0.130784708249497,0.750584932147871,-1.29044546437719,0.17102615694165,1.05704110120708,NA,0.11037933970364,D
E06000052,CORNWALL,7.3,-0.968492803084436,57.5,0.929906869293436,NA,NA,40,-1.24698565204525,69,0.128276631344116,0.872375642477568,1.48083905748202,0.102249488752556,0.356176892798038,NA,0.110288872888763,D
E07000075,ROCHFORD,6.2,-1.32505234252846,58.1,1.04554295666671,0.6,-1.47755821185374,NA,NA,11,0.131108462455304,0.898922524371473,1.62892296323022,0.119189511323004,0.643416322473876,NA,0.103054337597722,D
E07000187,MENDIP,9.4,0.0192734886185957,56.4,0.669725672703563,2.5207468879668,1.65545819722744,NA,NA,12,0.10919017288444,0.784712143202709,-0.655800154027752,0.0272975432211101,-1.22938475901258,NA,0.0918544891018524,D
E07000115,TONBRIDGE AND MALLING,8.6,-0.419198377454457,52,-0.693816524239662,0.993808049535604,-0.775841602879726,NA,NA,12,0.0984413453650533,0.840787853918753,0.920235700006685,0.434782608695652,1.40172841681809,NA,0.0866215224501852,D
E07000028,CARLISLE,10.4,0.462563726846298,57.6,0.968452231751195,0.571428571428571,-1.52203320819717,77,1.04256177466078,14,0.12962962962963,0.78710289236605,-0.55002593563618,NA,NA,NA,0.0803037178849848,D
E07000200,BABERGH,8.9,-0.245736979887096,53.2,-0.332453751198171,1.41666666666667,0.261908311800162,NA,NA,8,0.0910125142207053,0.867851193781233,1.36448741725129,0.0455062571103527,-0.666395476847943,NA,0.0763619042236488,D
E07000146,KING'S LYNN AND WEST NORFOLK,12.6,1.10822559556926,56.1,0.616725799324144,1.06752411575563,-0.578174952464509,53,-0.49061730572272,19,0.1278600269179,0.799238095238095,-0.27501296781809,NA,NA,NA,0.0762292337776162,D
E06000025,SOUTH GLOUCESTERSHIRE,12.9,1.23350327159013,52,-0.693816524239662,1.88147357180993,1.17117490371016,53,-0.49061730572272,26,0.0977076287110109,0.803539111200483,-0.158661327587359,0.0450958286358512,-0.68937463122201,NA,0.0620347310880893,D
E06000048,NORTHUMBERLAND,8.2,-0.573386286403223,56.4,0.669725672703563,NA,NA,NA,NA,NA,NA,NA,NA,NA,NA,NA,0.0481696931501696,D
E07000138,LINCOLN,14.9,1.44551164639468,54.7,0.105999746758837,0.840193704600484,-1.04269158094027,41,-1.13455251948379,18,0.190274841437632,0.834823529411765,0.729842106901854,0.0845665961945032,0.183833234992536,NA,0.0479904391039749,D
E07000106,CANTERBURY,11.8,0.944400942311191,56,0.573362266559165,0.638545454545455,-1.40837488420842,NA,NA,16,0.104302477183833,0.844997108155003,1.02600991839826,0.0391134289439374,-0.907676597775646,NA,0.0455443290569099,D
E07000071,COLCHESTER,12,1.00222140816698,51.8,-0.7516345679263,1.18883610451306,-0.301441641883205,45,-0.971013417576216,23,0.130681818181818,0.813266443701226,0.11635164023073,0.181818181818182,1.13746814151632,NA,0.0386585937547171,D
E07000147,NORTH NORFOLK,12.9,1.23350327159013,60.4,1.358724026636,0.333333333333333,-1.70487485983124,NA,NA,12,0.117878192534381,0.797364085667216,-0.306745233335562,0.0589390962671906,-0.390645624359139,NA,0.0379923161400375,D
E06000011,EAST RIDING OF YORKSHIRE,9.5,0.0530020937011383,55.1,0.216817663824894,1.36687631027254,0.143308321551032,NA,NA,39,0.116105983923787,0.822660098522167,0.327900077013876,0.0506103006847276,-0.551499704977608,NA,0.0379056902226667,D
E07000087,FAREHAM,12.7,1.16604606142504,49.6,-1.32017866417825,2,1.28977489395929,NA,NA,10,0.0886524822695035,0.743339253996448,-1.41737452644708,0.106382978723404,0.471072664668373,NA,0.0378680858854762,D
E07000026,ALLERDALE,8.8,-0.313194190052181,53,-0.39508996519203,2.12101910828025,1.44790821429146,NA,NA,16,0.166147455867082,0.786246418338109,-0.592335622992809,NA,NA,NA,0.0368221090136108,D
E07000142,WEST LINDSEY,11.7,0.910672337228649,57,0.833543463149038,1.24798387096774,-0.192724984154836,NA,NA,12,0.133333333333333,0.742240215924426,-1.42795194828624,NA,NA,NA,0.0308847169841539,D
E09000030,TOWER HAMLETS,9.6,0.101185815247628,67,1.6719050966053,0.674827850038256,-1.32930822404233,67,0.511059693461166,34,0.129277566539924,0.72280630812778,-1.59719069771275,0.136882129277567,0.815759980279378,2802,0.028901943973064,D
E06000027,TORBAY,5.8,-1.44551164639468,58.3,1.07445197851003,1.81818181818182,1.08222491102331,53,-0.49061730572272,20,0.152091254752852,0.893557422969188,1.61834554139107,0.00760456273764259,-1.66598869211986,NA,0.0288174644478589,D
E07000215,TANDRIDGE,6.6,-1.16122768927039,54.2,-0.0337271921505391,1.33766233766234,0.0741249939057063,NA,NA,10,0.1194743130227,0.82858837485172,0.50771624827955,0.13142174432497,0.746822517157177,NA,0.0267417755843002,D
E09000029,SUTTON,5.2,-1.52742397302371,56,0.573362266559165,0.801818181818182,-1.09210824354407,152,1.59450624359884,30,0.15495867768595,0.855687606112054,1.14236155862899,0.0516528925619835,-0.540010127790574,NA,0.0251146207381056,D
E06000029,POOLE,14.4,1.41178304131214,52.5,-0.549271415023066,0.555555555555556,-1.53685820697831,61,0.0817695509537866,19,0.1278600269179,0.833668486067222,0.687532419545224,0.0740242261103634,0.045958308748134,NA,0.0234856164263179,D
E07000064,ROTHER,8.7,-0.371014655907968,54.1,-0.0578180436866385,1.375,0.163074986592554,NA,NA,11,0.120746432491767,0.868862275449102,1.39621968276876,0.0329308452250274,-1.03980673542653,NA,0.0181310468680359,D
E07000238,WYCHAVON,7.5,-0.872125359991457,52.4,-0.578180436866385,1.08888888888889,-0.548524954902226,NA,NA,13,0.110450297366185,0.862666666666667,1.26929062069888,0.135938827527613,0.804270403092345,NA,0.0149460544062304,D
E07000068,BRENTWOOD,4.9,-1.60933629965274,56.8,0.76608907884796,1.39423076923077,0.192724984154836,NA,NA,9,0.121621621621622,0.837750484809308,0.814461481615112,0.0675675675675676,-0.0919166174962679,NA,0.0144045254937792,D
E09000019,ISLINGTON,12.7,1.16604606142504,68.4,1.69117777783418,0.634969325153374,-1.4380248817707,49,-0.776810734060973,36,0.170616113744076,0.718814432989691,-1.62892296323022,0.165876777251185,1.04555152402005,544,0.00983613070289467,D
E07000165,HARROGATE,8.6,-0.419198377454457,57.5,0.929906869293436,2.04697986577181,1.34907488908385,52,-0.6132716321534,19,0.119798234552333,0.812361331220285,0.0740419528741011,0.0252206809583859,-1.29832222213478,NA,0.00370524658479149,D
E06000041,WOKINGHAM,7.9,-0.664935357341553,50.1,-1.19008806588331,1,-0.741249939057063,NA,NA,13,0.0829610721123165,0.870052277819268,1.41737452644708,0.185067007019783,1.17193687307742,NA,-0.00139239255148611,D
E06000026,PLYMOUTH,7.8,-0.717937451042691,55.6,0.409544476113689,1.31014063656551,-0.00494166626038042,67,0.511059693461166,43,0.166666666666667,0.806822019587977,-0.0634645310349438,0.0658914728682171,-0.149364503431435,NA,-0.00251733036576589,D
E08000021,NEWCASTLE UPON TYNE,6.6,-1.16122768927039,60.7,1.38763304847932,1.27264239028945,-0.103774991467989,78,1.10388893787612,37,0.131019830028329,0.78858999819462,-0.518293670118708,0.0424929178470255,-0.758312094344211,NA,-0.0083477431409762,D
E07000211,REIGATE AND BANSTEAD,6.5,-1.21904815512618,56.5,0.698634694546882,0.878453038674033,-1.00315825085722,77,1.04256177466078,15,0.107219442458899,0.820208023774146,0.306745233335562,0.0786275911365261,0.0919166174962679,NA,-0.0137246809906524,D
E09000023,LEWISHAM,10,0.26982884066034,61,1.4069057297082,0.663568773234201,-1.36884155412538,66,0.408847754768933,48,0.170454545454545,0.75872461928934,-1.14236155862899,0.0994318181818182,0.333197738423971,NA,-0.0154038415321526,D
E09000028,SOUTHWARK,16.4,1.5852444388795,69.1,1.72490496998472,0.647640791476408,-1.39849155168766,NA,NA,48,0.163543441226576,0.758291093410572,-1.1635164023073,0.0408858603066439,-0.838739134653445,781,-0.0181195359568381,D
E07000061,EASTBOURNE,8.6,-0.419198377454457,57.5,0.929906869293436,1.11428571428571,-0.449691629694618,57,-0.18398148964602,11,0.11,0.890417036379769,1.59719069771275,0.01,-1.59705122899766,NA,-0.0204708597977605,D
E07000067,BRAINTREE,10.2,0.36137791159867,55.1,0.216817663824894,1.49624060150376,0.390391634570053,NA,NA,18,0.121293800539084,0.82274011299435,0.338477498853034,0.0202156334231806,-1.42470757119215,NA,-0.0235285724691004,D
E08000019,SHEFFIELD,9.3,-0.0385469772371915,58.9,1.15636087373277,1.18478260869565,-0.311324974403966,128,1.45140952942971,92,0.165052027269465,0.739194408681258,-1.49141647932118,0.0376749192680301,-0.919166174962679,NA,-0.0254473671270889,D
E08000023,SOUTH TYNESIDE,7.9,-0.664935357341553,55.3,0.322817410583732,1.23954372623574,-0.222374981717119,71,0.76658954019175,25,0.168463611859838,0.797195622435021,-0.338477498853034,NA,NA,NA,-0.0272761774272449,D
E07000110,MAIDSTONE,5.5,-1.49851374009582,59,1.17563355496165,0.946153846153846,-0.874674928087334,66,0.408847754768933,24,0.152574698029243,0.806620780072107,-0.0740419528741011,0.120788302606484,0.68937463122201,NA,-0.0288957800174437,D
E06000038,READING,8.8,-0.313194190052181,53.6,-0.192726812288795,0.871635610766046,-1.01304158337799,63,0.194202683515243,28,0.178230426479949,0.818877551020408,0.296167811496404,0.140038192234246,0.850228711840479,NA,-0.0297272298111392,D
E07000196,SOUTH STAFFORDSHIRE,7.8,-0.717937451042691,51.6,-0.819088952227379,1.64985163204748,0.82525826548353,NA,NA,17,0.156826568265683,0.825124515771998,0.401942029887977,0.0830258302583026,0.137874926244402,NA,-0.0343902363308322,D
E07000240,ST ALBANS,11.3,0.746847683970585,55.1,0.216817663824894,1.53674832962138,0.499108292298422,NA,NA,13,0.0916138125440451,0.809780654440849,-0.0211548436783146,0.00704721634954193,-1.67747826930689,NA,-0.0471718945782606,D
E07000098,HERTSMERE,6.5,-1.21904815512618,55.2,0.274635707511533,1.05803571428571,-0.607824950026791,NA,NA,11,0.109235352532274,0.841935483870968,0.951967965524157,0.099304865938431,0.321708161236938,NA,-0.0557122541760689,D
E07000172,BROXTOWE,10.8,0.621570007949713,49.7,-1.28163330172049,1.69858156028369,0.894441593128856,NA,NA,14,0.12646793134598,0.834096692111959,0.708687263223539,0.02710027100271,-1.24087433619962,NA,-0.0595617547235993,D
E06000050,CHESHIRE WEST AND CHESTER,8.2,-0.573386286403223,53.1,-0.37099911365593,NA,NA,57,-0.18398148964602,49,0.14839491217444,0.824175824175824,0.370209764370505,0.105996365838886,0.45958308748134,NA,-0.0597148075706657,D
E06000042,MILTON KEYNES,10.7,0.592659775021819,51.6,-0.819088952227379,1.78445595854922,1.04269158094027,57,-0.18398148964602,28,0.110935023771791,0.753912879502169,-1.2375583551814,0.0871632329635499,0.241281120927703,NA,-0.0606660533608353,D
E07000010,FENLAND,12.9,1.23350327159013,50.5,-1.07927014881725,1.47747747747748,0.340974971966249,NA,NA,12,0.125,0.831660583941606,0.602913044831966,0.0208333333333333,-1.41321799400512,NA,-0.0630193708868059,D
E07000154,NORTHAMPTON,9.2,-0.0819123266290319,55.8,0.501089711950867,1.16372795969773,-0.331091639445488,67,0.511059693461166,29,0.135135135135135,0.78229141328144,-0.719264685062696,0.0605778191985089,-0.333197738423971,NA,-0.0755528306915257,D
E06000055,BEDFORD,9.7,0.154187908948766,54,-0.077090724915518,1.48160535117057,0.35085830448701,30,-1.5331790803835,25,0.157035175879397,0.812182741116751,0.0634645310349438,0.113065326633166,0.562989282164641,NA,-0.0797949631106094,D
E06000045,SOUTHAMPTON,10,0.26982884066034,51.7,-0.78536176007684,1.55128205128205,0.548524954902226,65,0.347520591553593,35,0.146198830409357,0.790597453476983,-0.465406560922921,0.0543024227234754,-0.49405181904244,NA,-0.0964909588210068,D
E06000015,DERBY,12.7,1.16604606142504,52.6,-0.510726052565307,0.693939393939394,-1.29965822648005,53,-0.49061730572272,30,0.119712689545092,0.813936519518424,0.158661327587359,0.103750997605746,0.367666469985072,NA,-0.1014379542951,D
E07000045,TEIGNBRIDGE,7.5,-0.872125359991457,51,-0.963634061443975,2.03174603174603,1.32930822404233,NA,NA,16,0.128,0.848203471941865,1.06831960575489,0.032,-1.08002025558115,NA,-0.103630369443872,D
E07000156,WELLINGBOROUGH,7.2,-0.992584663857681,57.8,0.992543083287294,1.52410901467505,0.4793416272569,NA,NA,9,0.11826544021025,0.773488710852149,-0.89908085632837,NA,NA,NA,-0.104945202410464,D
E07000202,IPSWICH,12.5,1.07449699048671,48,-1.4791782843165,1.02456140350877,-0.667124945151356,60,0.0102211938692233,15,0.111524163568773,0.855614973262032,1.13178413678983,0.0446096654275093,-0.712353785596077,NA,-0.107025782319695,D
E07000218,NORTH WARWICKSHIRE,8.5,-0.467382099000947,54.9,0.144545109216596,1.93333333333333,1.2107082337932,NA,NA,7,0.112540192926045,0.748283752860412,-1.32217772989466,NA,NA,NA,-0.108576621471453,D
E07000083,TEWKESBURY,12.8,1.20459303866223,48.3,-1.45990560308762,1.30063965884861,-0.0247083313019021,NA,NA,7,0.0843373493975904,0.772648083623693,-0.930813121845842,0.120481927710843,0.666395476847943,NA,-0.108887708145038,D
E08000022,NORTH TYNESIDE,7.4,-0.925127453692596,53.7,-0.139726938909376,2.01176470588235,1.30954155900081,51,-0.684819989237963,28,0.139026812313803,0.836476486034853,0.772151794258483,0.0297914597815293,-1.14895771870335,NA,-0.136156457880665,D
E07000112,SHEPWAY,13.3,1.31541559821916,51,-0.963634061443975,1.08857808857809,-0.558408287422987,NA,NA,19,0.174793008279669,0.809253601047577,-0.0317322655174719,0.0551977920883165,-0.45958308748134,NA,-0.139588420729323,D
E07000090,HAVANT,10.4,0.462563726846298,51.4,-0.872088825606797,1.45,0.311324974403966,NA,NA,17,0.140148392415499,0.83307210031348,0.655800154027752,0.0247320692497939,-1.30981179932182,NA,-0.15044235393012,D
E08000024,SUNDERLAND,5.9,-1.41178304131214,55.2,0.274635707511533,1.67435158501441,0.864791595566573,149,1.56384266199117,54,0.195865070729053,0.784440227703985,-0.676954997706067,0.0108813928182807,-1.56258249743656,NA,-0.158008428564248,D
E07000027,BARROW-IN-FURNESS,8.8,-0.313194190052181,63.9,1.5755416904609,1.16796267496112,-0.321208306924727,41,-1.13455251948379,15,0.219298245614035,0.83587786259542,0.761574372419325,0.0146198830409357,-1.52811376587545,NA,-0.159992119909321,D
E09000011,GREENWICH,9.2,-0.0819123266290319,56.3,0.655271161781903,0.744349181605612,-1.20082490127244,63,0.194202683515243,45,0.173010380622837,0.756972111553785,-1.18467124598562,0.111495578623606,0.540010127790574,NA,-0.179654083466562,D
E07000234,BROMSGROVE,7,-1.03595001324952,54.2,-0.0337271921505391,1.31645569620253,0.00494166626038042,NA,NA,12,0.127253446447508,0.878504672897196,1.54430358851697,0.0212089077412513,-1.39023883963105,NA,-0.182134158050753,D
E07000239,WYRE FOREST,7.8,-0.717937451042691,55.7,0.457726179185888,1.53348214285714,0.489224959777661,NA,NA,12,0.122324159021407,0.826530612244898,0.433674295405449,0.0101936799184506,-1.58556165181062,NA,-0.184574733696863,D
E06000020,TELFORD AND WREKIN,6.6,-1.16122768927039,53.2,-0.332453751198171,1.58829902491874,0.647358280109835,63,0.194202683515243,22,0.13118664281455,0.765067290813341,-1.05774218391573,0.11329755515802,0.574478859351675,NA,-0.189230633567924,D
E09000012,HACKNEY,17.6,1.62860978827134,62.7,1.51290547646704,0.5,-1.59615820210287,59,-0.06132716321534,44,0.17453391511305,0.752513966480447,-1.25871319885972,0.0198333994446648,-1.43619714837919,742,-0.20181340796979,D
E06000004,STOCKTON-ON-TEES,10.4,0.462563726846298,52.2,-0.640816650860243,1.41617357001972,0.252024979279401,69,0.684819989237963,26,0.135135135135135,0.731779206859593,-1.53372616667781,0.0571725571725572,-0.436603933107273,NA,-0.201956342546944,D
E07000118,CHORLEY,8.7,-0.371014655907968,55.6,0.409544476113689,0.996138996138996,-0.765958270358965,62,0.12265432643068,19,0.174152153987168,0.79474216380182,-0.39136460804882,0.0641613198900092,-0.218301966553636,NA,-0.20240678305417,D
E06000001,HARTLEPOOL,6.1,-1.36359931976565,53.9,-0.101181576451617,1.6039603960396,0.726424940275921,NA,NA,15,0.162689804772234,0.804503020318506,-0.126929062069888,0.0650759219088937,-0.166598869211986,NA,-0.206376777444644,D
E07000039,SOUTH DERBYSHIRE,7.9,-0.664935357341553,49.8,-1.25272427987717,1.83695652173913,1.11187490858559,NA,NA,9,0.09375,0.792611795204148,-0.401942029887977,0.0833333333333333,0.149364503431435,NA,-0.211672451017934,D
E07000204,ST EDMUNDSBURY,12.9,1.23350327159013,49.4,-1.36354219694322,1.28301886792453,-0.0642416613849454,52,-0.6132716321534,13,0.116487455197133,0.843935926773455,0.994277652880786,0.017921146953405,-1.49364503431435,NA,-0.217819933387502,D
E06000013,NORTH LINCOLNSHIRE,9.1,-0.115640931711574,50.5,-1.07927014881725,1.03673469387755,-0.637474947589074,60,0.0102211938692233,23,0.136579572446556,0.842743127401714,0.983700231041629,0.0534441805225653,-0.517030973416507,NA,-0.225915929437259,D
E07000171,BASSETLAW,9.5,0.0530020937011383,56.9,0.799816270998499,1.59302325581395,0.667124945151356,-16,-1.71716057002952,11,0.0971731448763251,0.758208955223881,-1.17409382414646,0.0706713780918728,0,NA,-0.228551847387498,D
E06000018,NOTTINGHAM,7.9,-0.664935357341553,53.3,-0.293908388740412,0.923896499238965,-0.914208258170377,74,0.909686254360876,61,0.197602850664075,0.801944652206432,-0.200971014943989,NA,NA,NA,-0.232867352967091,D
E09000014,HARINGEY,10.5,0.520384192702085,60.9,1.39726938909376,0.784491440080564,-1.12175824110635,NA,NA,52,0.200849748937814,0.709858569051581,-1.69238749426517,0.0617999227500966,-0.287239429675837,NA,-0.236746316650302,D
E07000119,FYLDE,11.5,0.838396754908915,51.4,-0.872088825606797,1.27033492822966,-0.12354165650951,NA,NA,9,0.118421052631579,0.758443465491924,-1.15293898046815,0.0789473684210526,0.114895771870335,NA,-0.239055387161041,D
E07000076,TENDRING,10.4,0.462563726846298,45.6,-1.66226875599086,1.14422057264051,-0.370624969528531,NA,NA,21,0.151843817787419,0.829342327150084,0.528871091957865,0.0650759219088937,-0.166598869211986,NA,-0.241611555185442,D
E07000036,EREWASH,10.6,0.563749542093925,49.9,-1.23345159864829,1.7877358490566,1.05257491346103,NA,NA,15,0.132978723404255,0.746413697362332,-1.34333257357298,0.0620567375886525,-0.275749852488804,NA,-0.247241913831023,D
E07000212,RUNNYMEDE,9.6,0.101185815247628,45.5,-1.67672326691252,0.893491124260355,-0.963624920774181,44,-1.00167699918389,9,0.109489051094891,0.830824804334738,0.581758201153651,0.24330900243309,1.32130137650885,NA,-0.272963298993409,D
E08000033,CALDERDALE,5.1,-1.55633420595161,59.1,1.19972440649775,0.631578947368421,-1.44790821429146,69,0.684819989237963,28,0.136385776911836,0.754233188195452,-1.22698093334225,0.121773015099854,0.700864208409043,NA,-0.274302458240093,D
E07000219,NUNEATON AND BEDWORTH,9.3,-0.0385469772371915,55.3,0.322817410583732,0.989130434782609,-0.795608267921247,57,-0.18398148964602,21,0.166931637519873,0.788766788766789,-0.50771624827955,0.0556438791732909,-0.448093510294306,NA,-0.275188180465764,D
E07000170,ASHFIELD,5.2,-1.52742397302371,51.1,-0.929906869293436,1.69205298013245,0.884558260608095,54,-0.388405367030487,20,0.166527893422148,0.83375104427736,0.698109841384382,0.0582847626977519,-0.402135201546172,NA,-0.277533884816888,D
E07000213,SPELTHORNE,12,1.00222140816698,46.5,-1.60926888261144,0.710906701708279,-1.26012489639701,NA,NA,11,0.113753877973113,0.790709290709291,-0.444251717244607,0.144777662874871,0.907676597775646,NA,-0.280749498062085,D
E07000197,STAFFORD,9.9,0.212008374804553,47.9,-1.5032691358526,1.59513274336283,0.696774942713639,53,-0.49061730572272,13,0.0987841945288754,0.787061994609164,-0.560603357475337,0.0683890577507599,-0.0574478859351675,NA,-0.283859061244606,D
E09000018,HOUNSLOW,8.2,-0.573386286403223,55.1,0.216817663824894,0.760479041916168,-1.17117490371016,80,1.17543729496068,52,0.200694712466229,0.72,-1.61834554139107,0.0849093014280201,0.195322812179569,NA,-0.295888160089884,D
E07000007,WYCOMBE,5.9,-1.41178304131214,50,-1.21417891741941,1.32426303854875,0.0247083313019021,NA,NA,20,0.115406809001731,0.8184,0.285590389657247,0.132717830351991,0.758312094344211,NA,-0.311470228685637,D
E07000129,BLABY,9.6,0.101185815247628,49.5,-1.34908768602156,1.0952380952381,-0.518874957339944,NA,NA,11,0.116279069767442,0.829268292682927,0.518293670118708,NA,NA,NA,-0.312120789498793,D
E09000006,BROMLEY,5.5,-1.49851374009582,59.7,1.27681513141327,0.917197452229299,-0.924091590691138,NA,NA,48,0.152866242038217,0.766993411537844,-1.02600991839826,0.114649681528662,0.597458013725742,NA,-0.314868420809241,D
E07000134,NORTH WEST LEICESTERSHIRE,6.4,-1.27205024882732,53,-0.39508996519203,0.754385964912281,-1.18105823623092,NA,NA,15,0.159574468085106,0.855988593155893,1.15293898046815,0.074468085106383,0.0574478859351675,NA,-0.327562316769391,D
E06000056,CENTRAL BEDFORDSHIRE,8.4,-0.505929076238138,52.5,-0.549271415023066,NA,NA,NA,NA,28,0.107692307692308,0.812022309440198,0.0528871091957865,0.0615384615384615,-0.310218584049904,NA,-0.32813299152883,D
E08000035,LEEDS,7.6,-0.809486521981021,51.8,-0.7516345679263,1.26044444444444,-0.143308321551032,79,1.14477371335301,112,0.147815758215653,0.771830471318962,-0.941390543685,0.0541111257753728,-0.505541396229474,NA,-0.334431273003302,D
E07000145,GREAT YARMOUTH,9,-0.178279769722011,49.4,-1.36354219694322,0.521739130434783,-1.57639153706135,59,-0.06132716321534,13,0.133196721311475,0.874636979670862,1.49141647932118,NA,NA,NA,-0.33762483752415,D
E07000006,SOUTH BUCKS,6.3,-1.30577885390986,47.9,-1.5032691358526,1.09009009009009,-0.538641622381466,NA,NA,10,0.148367952522255,0.86739269698911,1.35390999541213,0.0890207715133531,0.26426027530177,NA,-0.345903868286005,D
E07000198,STAFFORDSHIRE MOORLANDS,5.2,-1.52742397302371,52.1,-0.664907502396343,1.34799235181644,0.11365832398875,NA,NA,14,0.1440329218107,0.832214765100671,0.634645310349438,0.0617283950617284,-0.298729006862871,NA,-0.348551369588948,D
E07000209,GUILDFORD,10.4,0.462563726846298,45.4,-1.68635960752696,0.953900709219858,-0.864791595566573,49,-0.776810734060973,14,0.100214745884037,0.828414839797639,0.486561404601236,0.0858983536148891,0.206812389366603,NA,-0.362004069390061,D
E07000194,LICHFIELD,10.1,0.313194190052181,50.7,-1.00699759420895,0.932584269662921,-0.894441593128856,NA,NA,12,0.118577075098814,0.813770491803279,0.137506483909045,NA,NA,NA,-0.362684628344146,D
E07000004,AYLESBURY VALE,6.8,-1.07449699048671,59.6,1.25754245018439,1.54425612052731,0.508991624819183,45,-0.971013417576216,19,0.106861642294713,0.801817648783348,-0.211548436783146,0.00562429696287964,-1.68896784649392,NA,-0.363248769389405,D
E07000034,CHESTERFIELD,7.5,-0.872125359991457,50.3,-1.14190636281111,1.75507246376812,1.00315825085722,56,-0.265751040599807,13,0.1252408477842,0.786093888396811,-0.602913044831966,NA,NA,NA,-0.375907511475423,E
E07000080,FOREST OF DEAN,9,-0.178279769722011,49.6,-1.32017866417825,2.16966580976864,1.50720820941603,NA,NA,13,0.157194679564692,0.785662033650329,-0.613490466671123,0.0241837968561064,-1.32130137650885,NA,-0.385208413532841,E
E07000073,HARLOW,9.3,-0.0385469772371915,46.1,-1.62854156384032,1.51639344262295,0.429924964653096,74,0.909686254360876,10,0.120918984280532,0.722693831352575,-1.60776811955191,NA,NA,NA,-0.387049088323089,E
E07000107,DARTFORD,7.9,-0.664935357341553,50.3,-1.14190636281111,1.35051546391753,0.12354165650951,81,1.21632207043758,16,0.161779575328615,0.729439252336449,-1.56545843219528,0.0606673407482305,-0.321708161236938,NA,-0.392357431106299,E
E07000102,THREE RIVERS,3.5,-1.68643025412713,50.7,-1.00699759420895,1.01145038167939,-0.7066582752344,NA,NA,11,0.123873873873874,0.840267459138187,0.877926012650056,0.112612612612613,0.551499704977608,NA,-0.394132081188564,E
E09000031,WALTHAM FOREST,9.9,0.212008374804553,56.1,0.616725799324144,0.492944496707432,-1.60604153462364,83,1.24698565204525,47,0.178979436405179,0.732342007434944,-1.51257132299949,0.0228484386900228,-1.35577010806995,NA,-0.399777189919856,E
E07000062,HASTINGS,4.4,-1.63342816042599,58.1,1.04554295666671,1.11847389558233,-0.420041632132335,28,-1.55362146812195,23,0.254706533776301,0.856617647058823,1.18467124598562,0.0332225913621262,-1.02257236964598,NA,-0.399908237945654,E
E06000031,PETERBOROUGH,11.6,0.876943732146106,49.1,-1.4069057297082,1.52246469833119,0.459574962215379,52,-0.6132716321534,27,0.144849785407725,0.803666469544648,-0.148083905748202,0.0107296137339056,-1.57407207462359,NA,-0.400969107978651,E
E07000032,AMBER VALLEY,5.9,-1.41178304131214,53.2,-0.332453751198171,1.41192411924119,0.23225831423788,NA,NA,15,0.122249388753056,0.805607476635514,-0.0951967965524157,NA,NA,NA,-0.401793818706211,E
E08000012,LIVERPOOL,6.4,-1.27205024882732,55.6,0.409544476113689,0.886243386243386,-0.993274918336464,156,1.61494863133729,97,0.206514796678731,0.778998416468725,-0.803884059775955,0.0212901852246115,-1.37874926244402,NA,-0.403910896988797,E
E07000096,DACORUM,5.8,-1.44551164639468,52.6,-0.510726052565307,1.40458015267176,0.212491649196358,NA,NA,20,0.136332651670075,0.830371567043619,0.55002593563618,0.0408997955010225,-0.827249557466411,NA,-0.404193934318772,E
E08000007,STOCKPORT,7.3,-0.968492803084436,54,-0.077090724915518,1.23596574690771,-0.23225831423788,41,-1.13455251948379,52,0.183163085593519,0.769861609431061,-0.994277652880786,0.154984149348362,0.976614060897847,NA,-0.40500965895076,E
E07000123,PRESTON,6.4,-1.27205024882732,55.4,0.351726432427051,1.01204819277108,-0.696774942713639,51,-0.684819989237963,26,0.185053380782918,0.817934782608696,0.27501296781809,NA,NA,NA,-0.405381156106756,E
E08000034,KIRKLEES,6.1,-1.36359931976565,50.1,-1.19008806588331,1.19025050778605,-0.281674976841684,101,1.36963997847593,72,0.169212690951821,0.801362495518107,-0.222125858622303,0.0423031727379553,-0.781291248718278,NA,-0.411523248559216,E
E07000121,LANCASTER,8.6,-0.419198377454457,56.5,0.698634694546882,1.49222222222222,0.380508302049292,40,-1.24698565204525,11,0.078740157480315,0.788092835519677,-0.528871091957865,0.0214745884037223,-1.36725968525699,NA,-0.413861968353063,E
E07000136,BOSTON,18.5,1.66715676550853,52.2,-0.640816650860243,0.468827930174564,-1.64557486470668,42,-1.06300416239923,9,0.138888888888889,0.790992258972555,-0.433674295405449,NA,NA,NA,-0.423182641572613,E
E07000105,ASHFORD,9.9,0.212008374804553,54.9,0.144545109216596,1.10992907801418,-0.46945829473614,36,-1.39008236621437,15,0.124895920066611,0.82730047972089,0.465406560922921,0.0166527893422148,-1.50513461150139,NA,-0.423785871251305,E
E07000236,REDDITCH,10.7,0.592659775021819,47.1,-1.58035986076812,1.32688172043011,0.0345916638226629,77,1.04256177466078,12,0.14218009478673,0.773081201334817,-0.920235700006685,0,-1.71769178946151,NA,-0.424745689455175,E
E09000003,BARNET,6.1,-1.36359931976565,58.3,1.07445197851003,0.799793601651187,-1.10199157606483,36,-1.39008236621437,67,0.184065934065934,0.779149519890261,-0.78272921609764,0.156593406593407,1.01108279245895,NA,-0.425477951195586,E
E07000066,BASILDON,6.7,-1.11786233987855,52.9,-0.419180816728129,1.33060747663551,0.0444749963434238,23,-1.59450624359884,37,0.209631728045326,0.805357651752636,-0.105774218391573,0.118980169971671,0.631926745286842,NA,-0.426820312827805,E
E08000006,SALFORD,7.1,-1.01185815247628,53.6,-0.192726812288795,0.741154562383613,-1.2107082337932,59,-0.06132716321534,56,0.23618726275833,0.759521435692921,-1.12120671495067,0.156052298608182,0.98810363808488,NA,-0.434953906439901,E
E07000220,RUGBY,9.7,0.154187908948766,49.8,-1.25272427987717,0.954545454545455,-0.854908263045812,NA,NA,12,0.119047619047619,0.815699658703072,0.211548436783146,NA,NA,NA,-0.435474049297767,E
E07000038,NORTH EAST DERBYSHIRE,4.2,-1.64788327688994,46.7,-1.599632541997,1.62352941176471,0.765958270358965,NA,NA,14,0.14098690835851,0.834650856389987,0.719264685062696,NA,NA,NA,-0.440573215866318,E
E06000002,MIDDLESBROUGH,7.3,-0.968492803084436,50.4,-1.10817917066057,1.33620689655172,0.0642416613849454,55,-0.327078203815147,25,0.180245133381399,0.813003095975232,0.0951967965524157,0.0576784426820476,-0.425114355920239,NA,-0.444904345923839,E
E07000081,GLOUCESTER,11.5,0.838396754908915,47.6,-1.54663266861758,1.09174311926605,-0.528758289860705,54,-0.388405367030487,17,0.137763371150729,0.732149901380671,-1.52314874483865,0.105348460291734,0.448093510294306,NA,-0.450075800857367,E
E08000014,SEFTON,10.9,0.655298613032255,55.6,0.409544476113689,1.00397140587768,-0.716541607755161,48,-0.879022672753206,52,0.189989039093898,0.790215729573637,-0.475983982762078,0.00365363536719035,-1.70045742368096,NA,-0.45119376630091,E
E08000020,GATESHEAD,6.6,-1.16122768927039,50.7,-1.00699759420895,1.64503816793893,0.795608267921247,NA,NA,NA,NA,NA,NA,NA,NA,NA,-0.457539005186033,E
E07000033,BOLSOVER,3,-1.71534048705502,50.5,-1.07927014881725,1.78238341968912,1.03280824841951,NA,NA,12,0.157068062827225,0.802936194240542,-0.179816171265674,NA,NA,NA,-0.48540463967961,E
E08000025,BIRMINGHAM,5.2,-1.52742397302371,52,-0.693816524239662,0.708989805375348,-1.27000822891777,199,1.67627579455263,214,0.197162336465819,0.78927170390585,-0.497138826440393,0.0469872857932559,-0.631926745286842,NA,-0.490673083892625,E
E06000007,WARRINGTON,12.7,1.16604606142504,47,-1.58999620138256,0.998477929984779,-0.756074937838204,35,-1.44118833556049,27,0.132547864506627,0.785609756097561,-0.634645310349438,0.0981836033382425,0.310218584049904,NA,-0.490940023275957,E
E08000032,BRADFORD,7.4,-0.925127453692596,50.2,-1.17081538465443,0.676113360323887,-1.31942489152157,98,1.34919759073748,80,0.152497140678612,0.779547441002234,-0.772151794258483,0.0667174990468929,-0.114895771870335,NA,-0.492202950876656,E
E07000072,EPPING FOREST,5.7,-1.46960350716793,52.7,-0.467362519800328,1.71223021582734,0.924091590691138,NA,NA,17,0.134813639968279,0.770394133822181,-0.983700231041629,NA,NA,NA,-0.499143666829686,E
E08000036,WAKEFIELD,3.9,-1.66233839335388,50.6,-1.04554295666671,1.29796511627907,-0.0345916638226629,139,1.49229430490661,40,0.122100122100122,0.773642288196959,-0.888503434489213,0.0396825396825397,-0.873207866214545,NA,-0.501981668273402,E
E07000109,GRAVESHAM,7.7,-0.756484428279883,54.6,0.0722725546082981,1.34175334323923,0.0938916589472279,34,-1.48207311103738,17,0.165369649805447,0.740407389862624,-1.47026163564286,0.107003891050584,0.482562241855407,NA,-0.5100154532582,E
E07000199,TAMWORTH,8.4,-0.505929076238138,51.4,-0.872088825606797,1.34555712270804,0.103774991467989,NA,NA,14,0.181582360570687,0.808189655172414,-0.0423096873566292,0.0259403372243839,-1.26385349057368,NA,-0.516081217661452,E
E09000009,EALING,10.4,0.462563726846298,56.5,0.698634694546882,0.502232142857143,-1.58627486958211,63,0.194202683515243,81,0.237745817434693,0.74495617086406,-1.38564226092961,0.0117405341943058,-1.55109292024952,NA,-0.527934824308803,E
E07000095,BROXBOURNE,9.4,0.0192734886185957,47.8,-1.52254181708148,1.09641873278237,-0.508991624819183,NA,NA,11,0.116402116402116,0.729166666666667,-1.57603585403444,0.148148148148148,0.919166174962679,NA,-0.533825926470765,E
E08000016,BARNSLEY,4.9,-1.60933629965274,54.4,0.00481817030721987,1.26026272577997,-0.153191654071793,64,0.296414622207477,45,0.192554557124519,0.804635044401126,-0.11635164023073,0.00855798031664527,-1.63151996055876,NA,-0.534861126999888,E
E07000122,PENDLE,7,-1.03595001324952,56.7,0.737180057004641,1.15373352855051,-0.340974971966249,NA,NA,17,0.189732142857143,0.733212341197822,-1.50199390116034,NA,NA,NA,-0.535434707342866,E
E09000005,BRENT,8,-0.621570007949713,52.2,-0.640816650860243,0.470955652717052,-1.62580819966516,148,1.5331790803835,74,0.235144582141722,0.749383392710332,-1.30102288621635,0.0476644423260248,-0.585968436538708,NA,-0.540334516807778,E
E07000150,CORBY,8.7,-0.371014655907968,48.8,-1.43581475155152,1.80904522613065,1.07234157850255,NA,NA,7,0.110935023771791,0.741301059001513,-1.44910679196455,NA,NA,NA,-0.545898655230373,E
E09000024,MERTON,8.6,-0.419198377454457,60.2,1.32499683448547,0.469437652811736,-1.63569153218592,NA,NA,26,0.128585558852621,0.741808952468851,-1.43852937012539,0.0494559841740851,-0.574478859351675,NA,-0.548580260926395,E
E08000002,BURY,8.2,-0.573386286403223,52.5,-0.549271415023066,0.991421568627451,-0.785724935400486,69,0.684819989237963,33,0.177228786251343,0.745736434108527,-1.36448741725129,0.0429645542427497,-0.72384336278311,NA,-0.551982237937202,E
E08000011,KNOWSLEY,5.9,-1.41178304131214,55.2,0.274635707511533,0.637768240343348,-1.41825821672918,76,0.991455805314663,29,0.19876627827279,0.786392405063291,-0.581758201153651,0.0274160383824537,-1.21789518182555,NA,-0.560600521365721,E
E09000015,HARROW,5,-1.58042606672485,55.8,0.501089711950867,0.436253252385082,-1.67522486226896,NA,NA,34,0.14026402640264,0.816369804919423,0.243280702300618,0.0577557755775578,-0.413624778733206,NA,-0.584981058695107,E
E06000033,SOUTHEND-ON-SEA,11.3,0.746847683970585,53.1,-0.37099911365593,0.703703703703704,-1.28977489395929,41,-1.13455251948379,40,0.22883295194508,0.797058823529412,-0.359632342531348,0.028604118993135,-1.18342645026445,NA,-0.59858960598737,E
E07000113,SWALE,9,-0.178279769722011,50.2,-1.17081538465443,1.20466786355476,-0.261908311800162,NA,NA,25,0.181554103122731,0.778688524590164,-0.814461481615112,NA,NA,NA,-0.606366236947929,E
E08000010,WIGAN,6.8,-1.07449699048671,52,-0.693816524239662,1.02474226804124,-0.657241612630596,63,0.194202683515243,64,0.200815814245372,0.798611111111111,-0.296167811496404,0.0313774709758394,-1.11448898714225,NA,-0.607001540413397,E
E07000126,SOUTH RIBBLE,9.4,0.0192734886185957,49.7,-1.28163330172049,1.04312354312354,-0.617708282547552,NA,NA,17,0.155963302752294,0.825310559006211,0.412519451727135,0.00917431192660551,-1.60854080618469,NA,-0.615217890021399,E
E06000047,DURHAM,7.9,-0.664935357341553,55,0.173454131059916,1.28276877761414,-0.0741249939057063,40,-1.24698565204525,74,0.143884892086331,0.785625656199294,-0.624067888510281,0.0252770756367879,-1.28683264494775,NA,-0.620582067615104,E
E06000030,SWINDON,7.6,-0.809486521981021,54.6,0.0722725546082981,1.25,-0.182841651634075,35,-1.44118833556049,26,0.122699386503067,0.753857640617222,-1.24813577702056,0.0660689004247286,-0.137874926244402,NA,-0.624542442972042,E
E09000017,HILLINGDON,10.1,0.313194190052181,54.6,0.0722725546082981,0.465648854961832,-1.65545819722744,60,0.0102211938692233,49,0.17388218594748,0.744810027418723,-1.39621968276876,0.0319375443577005,-1.09150983276818,NA,-0.62458329570578,E
E07000128,WYRE,8.6,-0.419198377454457,49.7,-1.28163330172049,1.11494252873563,-0.439808297173857,NA,NA,15,0.139017608897127,0.797216699801193,-0.327900077013876,0.046339202965709,-0.654905899660909,NA,-0.624689190604717,E
E08000018,ROTHERHAM,6.5,-1.21904815512618,51.6,-0.819088952227379,1.14750290360046,-0.36074163700777,55,-0.327078203815147,38,0.147058823529412,0.763185991885543,-1.06831960575489,0.0735294117647059,0.0344687315611005,NA,-0.626634637061711,E
E07000192,CANNOCK CHASE,6.4,-1.27205024882732,47.3,-1.56108717953924,1.47006651884701,0.331091639445488,NA,NA,22,0.224719101123595,0.809787626962142,-0.0105774218391573,NA,NA,NA,-0.628155802690057,E
E07000120,HYNDBURN,5.6,-1.48405862363187,53.6,-0.192726812288795,1.21621621621622,-0.24214164675864,NA,NA,19,0.236907730673317,0.770780856423174,-0.973122809202471,0.0623441396508728,-0.26426027530177,NA,-0.63126203343671,E
E07000137,EAST LINDSEY,9.3,-0.0385469772371915,47.7,-1.53217815769592,0.82010582010582,-1.06245824598179,NA,NA,19,0.13909224011713,0.813143046797212,0.105774218391573,NA,NA,NA,-0.631852290630832,E
E07000088,GOSPORT,16,1.57078932241555,49.8,-1.25272427987717,0.428571428571429,-1.68510819478972,NA,NA,11,0.132052821128451,0.777131782945736,-0.846193747132584,0.0360144057623049,-0.976614060897847,NA,-0.637970192056354,E
E09000026,REDBRIDGE,7.6,-0.809486521981021,58,1.02145210513061,0.58602466236054,-1.50720820941603,43,-1.03234058079156,49,0.172171468728039,0.744404332129964,-1.40679710460792,0.0632466619817287,-0.241281120927703,NA,-0.662610238765603,E
E07000241,WELWYN HATFIELD,11.8,0.944400942311191,51.8,-0.7516345679263,1.24277456647399,-0.202608316675597,39,-1.31853400912981,10,0.0892857142857143,0.760887096774194,-1.10005187127236,0.00892857142857143,-1.62003038337172,NA,-0.6747430343441,E
E07000127,WEST LANCASHIRE,8.2,-0.573386286403223,45,-1.71045045906306,0.713235294117647,-1.25024156387625,NA,NA,23,0.207394048692516,0.824911347517731,0.39136460804882,0.0631199278629396,-0.252770698114737,NA,-0.679096879881688,E
E06000032,LUTON,3.1,-1.70570374274572,52.8,-0.438453497957009,0.899244332493703,-0.953741588253421,72,0.807474315668643,33,0.160349854227405,0.759915014164306,-1.11062929311152,NA,NA,NA,-0.680210761279805,E
E07000101,STEVENAGE,8.9,-0.245736979887096,49.2,-1.39726938909376,1.11111111111111,-0.459574962215379,NA,NA,NA,NA,NA,NA,NA,NA,NA,-0.700860443732079,E
E07000201,FOREST HEATH,10.2,0.36137791159867,48,-1.4791782843165,1.00294985250737,-0.726424940275921,NA,NA,8,0.131795716639209,0.771380186282811,-0.962545387363314,NA,NA,NA,-0.701692675089267,E
E07000069,CASTLE POINT,8.7,-0.371014655907968,45.1,-1.6959959481414,0.1,-1.714758192352,NA,NA,17,0.192743764172336,0.840774610005379,0.909658278167528,0.0453514739229025,-0.677885054034976,NA,-0.709999114453764,E
E07000143,BRECKLAND,9.3,-0.0385469772371915,47.9,-1.5032691358526,1.19805194805195,-0.271791644320923,NA,NA,15,0.113722517058378,0.781209221400609,-0.750996950580168,0.0303260045489007,-1.13746814151632,NA,-0.74041456990144,E
E08000031,WOLVERHAMPTON,6.7,-1.11786233987855,55.8,0.501089711950867,0.817452357071214,-1.07234157850255,52,-0.6132716321534,54,0.215139442231076,0.769748564640665,-1.00485507471994,0.0278884462151394,-1.19491602745148,NA,-0.750359490125844,E
E08000029,SOLIHULL,7.5,-0.872125359991457,44.8,-1.72490496998472,0.981351981351981,-0.815374932962769,34,-1.48207311103738,30,0.144648023143684,0.775243578387954,-0.867348590810898,0.197685631629701,1.21789518182555,NA,-0.757321963826945,E
E09000002,BARKING AND DAGENHAM,6.8,-1.07449699048671,55.7,0.457726179185888,0.41042345276873,-1.69499152731048,NA,NA,45,0.236096537250787,0.780115728563914,-0.761574372419325,NA,NA,NA,-0.768334177757658,E
E08000008,TAMESIDE,8.5,-0.467382099000947,52.7,-0.467362519800328,1.08812260536398,-0.568291619943748,38,-1.34919759073748,38,0.172570390554042,0.709975230803873,-1.68181007242601,0.0681198910081744,-0.0804270403092344,NA,-0.769078490369625,E
E09000025,NEWHAM,3.9,-1.66233839335388,57.8,0.992543083287294,0.533432392273403,-1.56650820454059,47,-0.930128642099323,63,0.200573065902579,0.755808513956027,-1.20582608966393,0.0604902897166507,-0.344687315611005,NA,-0.786157593663573,E
E07000125,ROSSENDALE,9.6,0.101185815247628,50.6,-1.04554295666671,0.720720720720721,-1.23047489883472,NA,NA,9,0.131578947368421,0.761160714285714,-1.0894744494332,NA,NA,NA,-0.816076622421753,E
E06000021,STOKE-ON-TRENT,5.1,-1.55633420595161,50.9,-0.982906742672854,0.916494845360825,-0.933974923211899,49,-0.776810734060973,54,0.21608643457383,0.813877077696173,0.148083905748202,0.040016006402561,-0.850228711840479,NA,-0.825361901998268,E
E09000004,BEXLEY,3.2,-1.69606699843643,54.6,0.0722725546082981,0.891286970423661,-0.983391585815703,NA,NA,28,0.119504908237303,0.745093346098612,-1.37506483909045,0.0640204865556978,-0.22979154374067,NA,-0.84240848249499,E
E07000195,NEWCASTLE-UNDER-LYME,6.8,-1.07449699048671,45,-1.71045045906306,0.924528301886792,-0.904324925649616,NA,NA,21,0.169082125603865,0.853618421052632,1.12120671495067,0.00805152979066022,-1.65449911493282,NA,-0.844512955036307,E
E09000008,CROYDON,6.1,-1.36359931976565,56.1,0.616725799324144,0.450393700787402,-1.6653415297482,41,-1.13455251948379,62,0.168067226890756,0.741137675185491,-1.45968421380371,0.065058281377067,-0.183833234992536,NA,-0.86504750307829,E
E06000016,LEICESTER,6.5,-1.21904815512618,50.3,-1.14190636281111,0.67264895908112,-1.33919155656309,66,0.408847754768933,64,0.193003618817853,0.786670464255198,-0.571180779314494,0.0211097708082027,-1.40172841681809,NA,-0.877367919310672,E
E07000226,CRAWLEY,9,-0.178279769722011,55.2,0.274635707511533,0.661214953271028,-1.3886082191669,NA,NA,13,0.120036934441367,0.718135158254919,-1.65007780690854,0.0184672206832872,-1.47066587994029,NA,-0.88259919364524,E
E09000010,ENFIELD,6.1,-1.36359931976565,45.9,-1.63817790445476,0.744421906693712,-1.19094156875168,68,0.592829244414953,62,0.195398676331547,0.747781065088757,-1.33275515173382,0.0598802395209581,-0.367666469985072,NA,-0.883385195046004,E
E08000001,BOLTON,5,-1.58042606672485,47.6,-1.54663266861758,1.06396713615023,-0.58805828498527,56,-0.265751040599807,50,0.17921146953405,0.783354170387569,-0.698109841384382,0.046594982078853,-0.643416322473876,NA,-0.887065704130961,F
E06000034,THURROCK,6.8,-1.07449699048671,53.3,-0.293908388740412,0.550724637681159,-1.54674153949907,NA,NA,35,0.219435736677116,0.783231083844581,-0.708687263223539,NA,NA,NA,-0.905958545487434,F
E08000017,DONCASTER,6.6,-1.16122768927039,51.4,-0.872088825606797,1.42278091328887,0.271791644320923,2,-1.67627579455263,45,0.148662041625372,0.765288691492996,-1.04716476207657,0.0363396101750909,-0.965124483710813,NA,-0.908348318482713,F
E07000074,MALDON,6.1,-1.36359931976565,51.8,-0.7516345679263,0.72,-1.24035823135548,NA,NA,8,0.12924071082391,0.797101449275362,-0.349054920692191,NA,NA,NA,-0.926161759934906,F
E06000006,HALTON,7.6,-0.809486521981021,49,-1.42136024062986,1.06118143459916,-0.59794161750603,NA,NA,17,0.135242641209228,0.789312977099237,-0.486561404601236,0.0238663484486874,-1.33279095369589,NA,-0.929628147682807,F
E06000009,BLACKPOOL,5.8,-1.44551164639468,51.1,-0.929906869293436,1.12585034013605,-0.400274967090814,64,0.296414622207477,23,0.161971830985915,0.739887990043559,-1.48083905748202,0,-1.71769178946151,NA,-0.946301617919164,F
E07000140,SOUTH HOLLAND,12.6,1.10822559556926,45.6,-1.66226875599086,0.550200803212851,-1.55662487201983,NA,NA,9,0.101694915254237,0.693851132686084,-1.71354233794348,NA,NA,NA,-0.956052592596229,F
E07000114,THANET,6.3,-1.30577885390986,50,-1.21417891741941,0.672340425531915,-1.34907488908385,40,-1.24698565204525,20,0.147383935151069,0.815151515151515,0.200971014943989,0.0368459837877671,-0.95363490652378,NA,-0.978113700673027,F
E08000027,DUDLEY,5,-1.58042606672485,49.3,-1.3828148781721,1.01518438177874,-0.686891610192878,53,-0.49061730572272,54,0.17219387755102,0.785600255427842,-0.645222732188595,0.0318877551020408,-1.10299940995522,NA,-0.981495333826061,F
E06000008,BLACKBURN WITH DARWEN,6.2,-1.32505234252846,51.7,-0.78536176007684,1.10085054678007,-0.499108292298422,31,-1.51273669264505,29,0.19634394041977,0.797360980207352,-0.317322655174719,0.01354096140826,-1.53960334306249,NA,-0.996530847630996,F
E07000174,MANSFIELD,7.4,-0.925127453692596,49,-1.42136024062986,1.04093567251462,-0.627591615068313,NA,NA,14,0.133715377268386,0.765829694323144,-1.03658734023742,NA,NA,NA,-1.00266666240705,F
E08000026,COVENTRY,8.8,-0.313194190052181,48.3,-1.45990560308762,0.597042513863216,-1.48744154437451,49,-0.776810734060973,65,0.201176106468586,0.777840989901863,-0.825038903454269,0.0278551532033426,-1.20640560463852,NA,-1.01146609661134,F
E08000030,WALSALL,4.9,-1.60933629965274,51.9,-0.722725546082981,0.604373757455268,-1.46767487933298,58,-0.112433132561457,68,0.251015134736065,0.750635634656757,-1.27986804253803,NA,NA,NA,-1.03840758003364,F
E08000013,ST. HELENS,6.6,-1.16122768927039,46.3,-1.61890522322588,0.969578017664377,-0.835141598004291,NA,NA,37,0.210107893242476,0.787262510034787,-0.539448513797022,NA,NA,NA,-1.0386807560744,F
E09000016,HAVERING,6.5,-1.21904815512618,55.2,0.274635707511533,0.661290322580645,-1.37872488664614,15,-1.61494863133729,48,0.200250312891114,0.71875698636262,-1.63950038506938,0.0417188151856487,-0.804270403092345,NA,-1.0636427922933,F
E07000117,BURNLEY,4.4,-1.63342816042599,51.1,-0.929906869293436,0.98489932885906,-0.805491600442008,NA,NA,15,0.172215843857635,0.779083431257344,-0.793306637936797,0.0229621125143513,-1.34428053088292,NA,-1.10128275979623,F
E06000039,SLOUGH,7.6,-0.809486521981021,49.6,-1.32017866417825,0.482088024564995,-1.6159248671444,24,-1.57406385586039,16,0.112834978843441,0.656931464174455,-1.72411975978264,0.0705218617771509,-0.0114895771870335,NA,-1.17587720768895,F
E08000005,ROCHDALE,7.1,-1.01185815247628,47.2,-1.57072352015368,0.63,-1.45779154681222,NA,NA,40,0.188679245283019,0.731493648707841,-1.54430358851697,0.0424528301886792,-0.769801671531244,NA,-1.27089569589808,F
E08000028,SANDWELL,3.6,-1.67679350981783,45.8,-1.6478142450692,0.764565992865636,-1.1612915711894,48,-0.879022672753206,65,0.208801798907806,0.7546875,-1.21640351150309,0.0256986829424992,-1.27534306776072,NA,-1.30944476301557,F
E06000035,MEDWAY TOWNS,7.1,-1.01185815247628,49.6,-1.32017866417825,NA,NA,-1,-1.69671818229107,60,0.223713646532438,0.749175597691674,-1.3116003080555,NA,NA,NA,-1.33508882675027,F
E08000004,OLDHAM,2.2,-1.72497723136432,51.2,-0.900997847450117,0.677376171352075,-1.30954155900081,36,-1.39008236621437,48,0.212483399734396,0.715893108298172,-1.67123265058685,NA,NA,NA,-1.39936633092329,F
