ccg_code,month,difference
00C,Apr,-0.10977517475912002
00D,Apr,-0.061286716062454616
00F,Apr,-0.8756962279293674
00G,Apr,0.3712867647058893
00H,Apr,0.5612548076923076
00J,Apr,-0.3117401568164553
00K,Apr,-0.5403655699568048
00L,Apr,0.7269184702045646
00M,Apr,-0.4873415600243689
00N,Apr,0.19283302296709337
00P,Apr,0.09015432556758896
00Q,Apr,0.16472989195678167
00R,Apr,0.47312707549258803
00T,Apr,-0.07719976942291495
00V,Apr,-0.8602507498500351
00W,Apr,1.660163206528253
00X,Apr,-1.6589421015010686
00Y,Apr,0.23963438459391995
01A,Apr,-0.397007751041194
01C,Apr,-0.9197885432982744
01D,Apr,0.5463239266089168
01E,Apr,-0.7888003464703282
01F,Apr,-0.02733826515810378
01G,Apr,-1.6123840015761957
01H,Apr,-0.04346176617935171
01J,Apr,-0.5160691198408642
01K,Apr,-0.9448050314465419
01M,Apr,-0.16645382125964758
01N,Apr,0.4011149425287357
01R,Apr,0.8998857072631239
01T,Apr,0.5753033739722149
01V,Apr,0.4996365173288204
01W,Apr,1.4515588331834515
01X,Apr,0.5574894741995617
01Y,Apr,0.2792546800174236
02A,Apr,-0.17715067675158025
02D,Apr,-0.6278719760222629
02E,Apr,0.04877795786061867
02F,Apr,-0.09967558799676723
02G,Apr,-0.8362397089795195
02H,Apr,0.833157336329009
02M,Apr,0.6892529932326923
02N,Apr,0.2927892212189569
02P,Apr,2.3137403050108922
02Q,Apr,-0.22250545058139792
02R,Apr,0.126128346791333
02T,Apr,1.0325501369863055
02V,Apr,-0.3274100012286496
02W,Apr,-0.09629012534393055
02X,Apr,2.760578542658365
02Y,Apr,-0.4289913932221694
03A,Apr,0.19969359615974014
03C,Apr,0.8757329043966031
03D,Apr,-1.0487181230873865
03E,Apr,-0.635301620130992
03F,Apr,0.02195641800540926
03G,Apr,0.4072854996907367
03H,Apr,1.115240099009899
03J,Apr,1.7613113833014822
03K,Apr,2.299372479240809
03L,Apr,0.4911733931240718
03M,Apr,-0.8803729281768007
03N,Apr,0.4586075899380013
03Q,Apr,0.14827564990001463
03R,Apr,0.40214564369310324
03T,Apr,1.0735518127705639
03V,Apr,2.9319301557338413
03W,Apr,0.8962205828107663
03X,Apr,-0.36282764616388263
03Y,Apr,-0.5438149898717057
04C,Apr,0.6124957410562146
04D,Apr,1.0259369801350395
04E,Apr,-0.21433440440669926
04F,Apr,0.40570019930766676
04G,Apr,0.8038987360705931
04H,Apr,0.7435484450835901
04J,Apr,-0.1828790102746929
04K,Apr,0.3065568727491055
04L,Apr,-0.2527884327240013
04M,Apr,0.23945428434657856
04N,Apr,-1.0279281957466289
04Q,Apr,1.3709326776326876
04R,Apr,0.2829546608349336
04V,Apr,0.46428403610733326
04X,Apr,1.3426509352063718
04Y,Apr,1.3818790849673164
05A,Apr,1.3267488607595013
05C,Apr,0.23036808985722956
05D,Apr,1.0338455271305236
05F,Apr,-0.19103095182685692
05G,Apr,0.5483966789667925
05H,Apr,1.230342473419146
05J,Apr,1.7144570525711025
05L,Apr,0.9206257632265213
05N,Apr,0.6123446111451329
05P,Apr,-0.6717255813953535
05Q,Apr,0.4072595798585432
05R,Apr,9.842596191198538E-4
05T,Apr,-0.09985306002498362
05V,Apr,1.1949399967121437
05W,Apr,-0.6884687709872459
05X,Apr,-0.003293650793647629
05Y,Apr,0.884910423452764
06A,Apr,0.4291899842648945
06D,Apr,-0.41573782913431145
06F,Apr,0.05351184834123046
06H,Apr,0.7445716257800896
06K,Apr,-0.1240149488462059
06L,Apr,0.19655028989159717
06M,Apr,-0.4852908210919544
06N,Apr,0.24191077996793453
06P,Apr,-0.2308828020614584
06Q,Apr,-0.05343771746694159
06T,Apr,0.3068941558441587
06V,Apr,1.0299332200097062
06W,Apr,-0.5217626096491195
06Y,Apr,0.3189807773553035
07G,Apr,0.5187681970884697
07H,Apr,1.3410410782019184
07J,Apr,-0.5868851090472731
07K,Apr,0.4844181163767196
07L,Apr,0.4231332423828995
07M,Apr,1.3768611485245614
07N,Apr,0.4532093383706268
07P,Apr,0.6354235042299443
07Q,Apr,0.03096995173594408
07R,Apr,0.0840673575129518
07T,Apr,3.8098126171143036
07V,Apr,0.05782203438893063
07W,Apr,0.653232564169036
07X,Apr,-0.047048037581443936
07Y,Apr,1.031305191654532
08A,Apr,1.1429183129651754
08C,Apr,-0.3107998192498833
08D,Apr,0.7946072123453298
08E,Apr,-0.351183759749258
08F,Apr,0.26122673204395497
08G,Apr,1.1212259691143984
08H,Apr,-1.1734308418892567
08J,Apr,1.2518691869186966
08K,Apr,0.8471382189239307
08L,Apr,0.3689799779284222
08M,Apr,-0.025622124803806656
08N,Apr,0.05541845206213836
08P,Apr,-0.3748233249662132
08Q,Apr,0.17915567054764558
08R,Apr,0.35969590231302107
08T,Apr,0.7171547555077886
08V,Apr,0.8888654332056376
08W,Apr,1.184323887263215
08X,Apr,0.7806197398622885
08Y,Apr,1.2138331854480882
09A,Apr,0.30330240549827536
09C,Apr,1.1440152380952355
09D,Apr,1.293621655916244
09E,Apr,-0.30594078733326313
09F,Apr,-0.1783590710833387
09G,Apr,-0.5993237804263956
09H,Apr,-0.7453823255813958
09J,Apr,0.4666407673860853
09L,Apr,1.07978936640054
09N,Apr,1.0930672818076488
09P,Apr,0.5452053011477886
09W,Apr,-0.09228414901387794
09X,Apr,-0.38185366450508695
09Y,Apr,0.44724309199019885
10A,Apr,-1.1036203203101032
10C,Apr,-0.40277699064891337
10D,Apr,0.6661018501557052
10E,Apr,0.8809043997827182
10G,Apr,-0.6809138697937698
10H,Apr,0.3561249286471515
10J,Apr,0.5177235863933305
10K,Apr,0.2096861805317829
10L,Apr,0.19015476190476122
10M,Apr,-0.2995324748040318
10N,Apr,-1.1787748808522558
10Q,Apr,-0.21732973421928392
10R,Apr,-0.1664000475398204
10T,Apr,-0.12526593689631937
10V,Apr,1.1192313323572485
10W,Apr,0.604306276545536
10X,Apr,1.512538358266216
10Y,Apr,0.2734534929614476
11A,Apr,0.8134854573287384
11C,Apr,0.05473361025826762
11D,Apr,-0.5161087613293027
11E,Apr,-0.9148536165327172
11H,Apr,-0.3096161996703586
11J,Apr,0.7162599724071868
11M,Apr,-0.32095852922602575
11N,Apr,-1.2032946081606362
11T,Apr,1.1863726150392857
11X,Apr,0.4358553575087072
12A,Apr,0.45689443494011783
12D,Apr,-1.4724709089003056
12F,Apr,-1.0839232105197887
13P,Apr,1.4618734000465388
99A,Apr,-0.6655127670420313
99C,Apr,3.5519193857965465
99D,Apr,0.40040200359619504
99E,Apr,1.3027558202490646
99F,Apr,-0.6642694200984529
99G,Apr,-0.5955725867747681
99H,Apr,0.5321221605249953
99J,Apr,0.055676490288007585
99K,Apr,1.2988724443088167
99M,Apr,1.8848145881776972
99N,Apr,0.824953413610853
99P,Apr,-0.17321056399650558
99Q,Apr,0.8618162538816829
00C,Aug,-0.7654146986586099
00D,Aug,0.28410889124107186
00F,Aug,-0.38308888443017963
00G,Aug,-1.3180979102167214
00H,Aug,0.191860576923073
00J,Aug,-0.05954725571199049
00K,Aug,-0.2739805583250394
00L,Aug,0.7297912837236886
00M,Aug,0.47545932358318765
00N,Aug,0.8988069522035929
00P,Aug,0.36064623831429543
00Q,Aug,1.178262905162061
00R,Aug,0.30899933584236905
00T,Aug,0.17821815154038845
00V,Aug,-2.5148146370725826
00W,Aug,1.1289523580943275
00X,Aug,-1.8286823921848878
00Y,Aug,0.4944534375290708
01A,Aug,-0.38212922258213666
01C,Aug,-0.7224043410158814
01D,Aug,-0.01113625780012839
01E,Aug,-1.2000119099177056
01F,Aug,0.10902378880185992
01G,Aug,-2.8155098019899505
01H,Aug,-0.1973812451609973
01J,Aug,-0.2958888612630517
01K,Aug,-0.96014814814815
01M,Aug,-0.041151356733891475
01N,Aug,-0.5044439655172361
01R,Aug,0.7865122280938905
01T,Aug,0.7352013042245531
01V,Aug,0.9031580726965309
01W,Aug,-0.5196925537487864
01X,Aug,-0.7384715558601691
01Y,Aug,0.10622638223770409
02A,Aug,-1.63667794585988
02D,Aug,1.9912395632626883
02E,Aug,1.3172015126958456
02F,Aug,-1.517796701811303
02G,Aug,1.1537622056289578
02H,Aug,-0.6576196717218892
02M,Aug,-0.24855804268609916
02N,Aug,-0.19958803611737608
02P,Aug,2.1794318082788706
02Q,Aug,-1.7279469476744183
02R,Aug,-0.7928990346669949
02T,Aug,0.0630947945205449
02V,Aug,-0.7234906008109121
02W,Aug,-1.5071736472026984
02X,Aug,1.7260496765531492
02Y,Aug,-1.2157248520710056
03A,Aug,0.12995403942396777
03C,Aug,0.054268745360058546
03D,Aug,0.9618344100646112
03E,Aug,-1.3477869700103469
03F,Aug,0.04249880706219855
03G,Aug,0.30637271361668894
03H,Aug,1.2100742574257417
03J,Aug,1.0302123834138754
03K,Aug,1.6958944246737815
03L,Aug,1.2372346786248194
03M,Aug,-0.7479242304656708
03N,Aug,-0.16793002221129072
03Q,Aug,0.07730041532071752
03R,Aug,-0.011818772904593544
03T,Aug,0.12195075757574614
03V,Aug,4.323463898065114
03W,Aug,0.4230261895979446
03X,Aug,-0.342690719408818
03Y,Aug,0.811262352816037
04C,Aug,1.1729376691051314
04D,Aug,1.3163059007730595
04E,Aug,0.18226646775303834
04F,Aug,0.6344235812440964
04G,Aug,-0.10533131403785134
04H,Aug,0.7536491101923453
04J,Aug,-0.3434682323338123
04K,Aug,0.5677956182473025
04L,Aug,0.32038807311955964
04M,Aug,-1.2232479655337478
04N,Aug,-0.16198948090556442
04Q,Aug,-0.7391521112430084
04R,Aug,0.22255437966181546
04V,Aug,0.40780140966984746
04X,Aug,-0.8029981848314982
04Y,Aug,1.3928447712418262
05A,Aug,0.3639610126582262
05C,Aug,0.03309696190540379
05D,Aug,-0.3384878605181605
05F,Aug,0.5257656504538097
05G,Aug,0.22567804428043559
05H,Aug,0.15994068270844508
05J,Aug,-0.11992818155702167
05L,Aug,-1.2222699993968753
05N,Aug,0.6242751071647206
05P,Aug,-0.056191627906976294
05Q,Aug,0.1687258524226749
05R,Aug,0.1465779246016332
05T,Aug,-0.3395591800749429
05V,Aug,1.3100295906625021
05W,Aug,-0.6747891202149034
05X,Aug,0.4341948284690176
05Y,Aug,1.2972149292293054
06A,Aug,-0.1751754806047785
06D,Aug,0.7397537412388644
06F,Aug,1.005357030015798
06H,Aug,0.3425734088752037
06K,Aug,-0.4239190585276056
06L,Aug,-0.36753718174944083
06M,Aug,0.6040995160057712
06N,Aug,-0.20569602942563137
06P,Aug,-0.23190780683336243
06Q,Aug,0.8650041121022412
06T,Aug,-0.22632012987012118
06V,Aug,-1.0937821758135051
06W,Aug,-1.555028782894734
06Y,Aug,-0.8410297845373975
07G,Aug,-0.3643729003359475
07H,Aug,-0.47163747881526774
07J,Aug,-1.267165814463123
07K,Aug,1.0958258348330396
07L,Aug,0.09270804911324149
07M,Aug,0.11575915268764092
07N,Aug,0.9198421001646828
07P,Aug,-0.31635564402625604
07Q,Aug,0.13434454304842447
07R,Aug,0.621108535587668
07T,Aug,3.188488444722058
07V,Aug,0.09051236033116439
07W,Aug,0.374773139745912
07X,Aug,-0.7281493646302017
07Y,Aug,0.41935468219310934
08A,Aug,-0.026800514564008893
08C,Aug,0.2795164934478116
08D,Aug,-1.2254111313710148
08E,Aug,-2.2843917195130885
08F,Aug,-0.308632422244262
08G,Aug,0.37523636936654015
08H,Aug,0.2558895095843372
08J,Aug,2.2800345034503415
08K,Aug,0.4973678107606645
08L,Aug,0.3156093331231311
08M,Aug,-1.2742355360718562
08N,Aug,0.0012908409212606387
08P,Aug,1.1961942459934392
08Q,Aug,0.9798663216903876
08R,Aug,-0.6894622519666527
08T,Aug,-0.39582213863514326
08V,Aug,0.33423750916944783
08W,Aug,-0.17762667488063855
08X,Aug,-0.6678882938025943
08Y,Aug,0.9639455043636787
09A,Aug,0.2505309278350545
09C,Aug,0.46829523809523366
09D,Aug,-1.5707920059215432
09E,Aug,0.7471933629758176
09F,Aug,-0.8550689614523144
09G,Aug,-1.169180218311432
09H,Aug,1.2418344186046433
09J,Aug,-0.9972508393285402
09L,Aug,1.0904960081535577
09N,Aug,0.3604949032772602
09P,Aug,-0.3483575908176526
09W,Aug,-0.7903396639883198
09X,Aug,-1.957491741098746
09Y,Aug,-0.04273522210563385
10A,Aug,1.1869774558808537
10C,Aug,0.38292434117313334
10D,Aug,1.5270892104781133
10E,Aug,-0.36887153720803667
10G,Aug,0.3393894055802704
10H,Aug,-0.5227896925711448
10J,Aug,1.004375985582346
10K,Aug,0.9798425196850324
10L,Aug,0.87463392857142
10M,Aug,-0.5070800671892499
10N,Aug,-3.083448275862068
10Q,Aug,0.19205980066445605
10R,Aug,-0.4342678868552454
10T,Aug,-0.9279652285898301
10V,Aug,1.3704047270445514
10W,Aug,-2.301178127200192
10X,Aug,0.9591820099731478
10Y,Aug,-0.07746086041310107
11A,Aug,0.5601880022962185
11C,Aug,0.6372313527180751
11D,Aug,-1.4133776435045249
11E,Aug,-0.723402698048222
11H,Aug,0.6338550741700075
11J,Aug,0.7632466558694659
11M,Aug,-0.14662304399691806
11N,Aug,-1.5753282869171095
11T,Aug,1.3258002244668923
11X,Aug,0.4709121081745522
12A,Aug,1.4118456274529585
12D,Aug,-0.6960771569346775
12F,Aug,-0.6618918248356174
13P,Aug,0.7094583430300041
99A,Aug,-1.17744149404513
99C,Aug,3.9642207293665965
99D,Aug,-0.185323657847416
99E,Aug,0.5579074174336753
99F,Aug,-0.445785808620478
99G,Aug,-1.0675525715733407
99H,Aug,0.8971267036850072
99J,Aug,0.7470668676043637
99K,Aug,-0.567035398230086
99M,Aug,1.2643923632358423
99N,Aug,0.9982269928622038
99P,Aug,0.13029194177073578
99Q,Aug,0.9437627811860985
00C,Dec,-1.329049688267519
00D,Dec,-1.010840830907643
00F,Dec,-1.6295876805778526
00G,Dec,-1.9779315015479888
00H,Dec,-1.1243830128205161
00J,Dec,-0.9501652474496289
00K,Dec,-1.3845322366234605
00L,Dec,-1.2302834272161256
00M,Dec,-1.5334712065813498
00N,Dec,-2.549363128491631
00P,Dec,-1.024914675767917
00Q,Dec,-1.8164837935174027
00R,Dec,-0.30080584458711357
00T,Dec,-1.591844616665604
00V,Dec,-3.5623095380923893
00W,Dec,-0.9082811252857219
00X,Dec,-0.38979509173219995
00Y,Dec,0.3388752442087757
01A,Dec,-2.205093706617319
01C,Dec,-0.7103501901991542
01D,Dec,-0.7975840551364399
01E,Dec,-2.2304081853616253
01F,Dec,-1.3841847983754008
01G,Dec,-5.157152989853216
01H,Dec,-1.5551004235551353
01J,Dec,-0.6529363500746044
01K,Dec,-0.7235290006988109
01M,Dec,-2.5820985810306247
01N,Dec,-1.3502270114942583
01R,Dec,-2.760866412682809
01T,Dec,-0.16302806918059787
01V,Dec,-0.30253761622992315
01W,Dec,-0.7960624565200582
01X,Dec,-1.1634319005189404
01Y,Dec,-0.5137553330431182
02A,Dec,-2.7185489649681607
02D,Dec,-0.44764290301862175
02E,Dec,-0.3286144412394627
02F,Dec,-1.987947192935021
02G,Dec,-0.6041661880145526
02H,Dec,-2.0065555763589913
02M,Dec,-0.7094729307652266
02N,Dec,-1.643906602708796
02P,Dec,0.23021444753103992
02Q,Dec,-1.1680559593023254
02R,Dec,-2.2715105336652286
02T,Dec,-0.840545753424653
02V,Dec,-1.6735729205062064
02W,Dec,-4.133674717211871
02X,Dec,-0.5185585255706009
02Y,Dec,-1.4351304464766024
03A,Dec,-2.0792380757838806
03C,Dec,-0.8309139651901418
03D,Dec,0.1880295817749058
03E,Dec,-2.1921113409169166
03F,Dec,-1.685112931445829
03G,Dec,-1.5728859238314108
03H,Dec,-0.5151435643564497
03J,Dec,-0.852650859647138
03K,Dec,-0.5223582443653605
03L,Dec,0.40568691134872736
03M,Dec,0.4446941594317195
03N,Dec,-1.4588544011373088
03Q,Dec,-0.35025996000615933
03R,Dec,-1.6821355952240218
03T,Dec,-1.1279592803030276
03V,Dec,2.214091785666426
03W,Dec,-0.5583976392475023
03X,Dec,-0.8896348619865222
03Y,Dec,-1.2660752869682739
04C,Dec,1.0025570311935112
04D,Dec,-1.2381250611605807
04E,Dec,-1.1979997704842766
04F,Dec,0.6071331165425278
04G,Dec,-1.145765088624632
04H,Dec,0.8926945892503966
04J,Dec,-0.4364015075800296
04K,Dec,-1.7815778811524723
04L,Dec,-1.2697228049146112
04M,Dec,-2.9542915270464363
04N,Dec,-1.8695152069517427
04Q,Dec,0.21561302357131495
04R,Dec,-1.0137560042175995
04V,Dec,-0.325435884753297
04X,Dec,-2.1145199469059186
04Y,Dec,0.05074673202614122
05A,Dec,-0.6303265822784958
05C,Dec,-1.6700926991000706
05D,Dec,-0.10461952093857718
05F,Dec,-3.3641680242029324
05G,Dec,-0.42489114391143445
05H,Dec,-0.7333161723559094
05J,Dec,-2.1667164607871285
05L,Dec,-2.0652960888162895
05N,Dec,-1.272588793631357
05P,Dec,-0.21333674418605142
05Q,Dec,-0.08164150744220322
05R,Dec,-1.5031917994558874
05T,Dec,-2.080551024906331
05V,Dec,0.5361910241657064
05W,Dec,-1.2807662860980535
05X,Dec,-1.83494623655913
05Y,Dec,-1.0203633174642945
06A,Dec,-0.5645193952247425
06D,Dec,-1.8218223148323567
06F,Dec,-0.9477166929962983
06H,Dec,-1.061116160018404
06K,Dec,-1.274878497956255
06L,Dec,-2.5118319889084972
06M,Dec,-1.1257884011208326
06N,Dec,-0.6760553616900893
06P,Dec,-1.646846726474525
06Q,Dec,0.12309546403492178
06T,Dec,-1.185437012987009
06V,Dec,-2.1103678970373956
06W,Dec,-1.6917667214912306
06Y,Dec,-1.7465610477397568
07G,Dec,-1.0242018137138729
07H,Dec,-0.7762948914534746
07J,Dec,-2.009617030157571
07K,Dec,-0.9725564887022564
07L,Dec,-1.9033060482037278
07M,Dec,-0.4748879637565935
07N,Dec,-0.838371597403853
07P,Dec,-0.5695787813466939
07Q,Dec,-1.911502258148431
07R,Dec,-0.0824843196073104
07T,Dec,0.6368956901936293
07V,Dec,-1.1478839807792411
07W,Dec,-0.7397474721285988
07X,Dec,-1.40606303985453
07Y,Dec,0.10049490538573735
08A,Dec,-0.5702095010567021
08C,Dec,-0.3643952402470205
08D,Dec,-0.9150289553061519
08E,Dec,-2.447786281798958
08F,Dec,-2.0787142403646577
08G,Dec,-0.18474156949258713
08H,Dec,-2.2303089080459806
08J,Dec,-1.5671962196219589
08K,Dec,-0.6060289115646267
08L,Dec,-1.825029166009763
08M,Dec,-1.5141689668236218
08N,Dec,-1.240843599357266
08P,Dec,-0.46808699477742266
08Q,Dec,-0.8335498059508311
08R,Dec,-0.7577175061641377
08T,Dec,-0.513919935518544
08V,Dec,0.023322194147848307
08W,Dec,-1.2172331741875837
08X,Dec,-1.0772915072685478
08Y,Dec,0.3047326531348702
09A,Dec,-0.36484272987548394
09C,Dec,-2.971725714285718
09D,Dec,-2.700633393253682
09E,Dec,-1.1637913458410196
09F,Dec,-1.229903336083936
09G,Dec,-2.189570155902004
09H,Dec,-1.3421320930232596
09J,Dec,-1.138941007194255
09L,Dec,-0.5451588245286203
09N,Dec,-0.42506030855540544
09P,Dec,-1.1027180215359174
09W,Dec,-2.2026603360117036
09X,Dec,-2.2684008320078384
09Y,Dec,-0.7942140608604511
10A,Dec,-0.6604355809446147
10C,Dec,-0.9710767922924362
10D,Dec,-1.6871826341820793
10E,Dec,-1.5015480717001637
10G,Dec,-1.0320339668418868
10H,Dec,-1.5020446530397749
10J,Dec,-0.5018799279116983
10K,Dec,-1.0691795047358248
10L,Dec,-0.38013839285714823
10M,Dec,-1.201010638297877
10N,Dec,-3.296229324362212
10Q,Dec,-0.8678621262458392
10R,Dec,-0.7461968148324196
10T,Dec,-1.4540991629104987
10V,Dec,-1.1328058983476232
10W,Dec,-2.8140201830556144
10X,Dec,-0.7787408899117736
10Y,Dec,-1.5975266412314255
11A,Dec,-0.6528803099885288
11C,Dec,-2.4079862741556823
11D,Dec,-2.1991822759315234
11E,Dec,-2.0145450631458104
11H,Dec,-1.3352902048504767
11J,Dec,-0.7403563073600665
11M,Dec,-1.223246438846406
11N,Dec,-4.007562742875642
11T,Dec,-2.4067732884399504
11X,Dec,-0.6034386396230218
12A,Dec,-1.1007134950186135
12D,Dec,-1.9000786245937746
12F,Dec,-2.0991465078774425
13P,Dec,-1.5726014924935718
99A,Dec,-2.044948792807812
99C,Dec,1.8650470249520161
99D,Dec,-1.664248651425627
99E,Dec,-1.6071828189857449
99F,Dec,-1.7073154040100746
99G,Dec,-1.645097542437295
99H,Dec,-1.391204442200916
99J,Dec,-0.29448454056187856
99K,Dec,-1.6723588648153793
99M,Dec,-1.0182388936482702
99N,Dec,-0.32612815343540547
99P,Dec,-1.1593861533158254
99Q,Dec,-0.06618950238582855
00C,Feb,-2.005562063102211
00D,Feb,-1.54137007144746
00F,Feb,-2.3164867576244017
00G,Feb,-1.379417569659438
00H,Feb,-2.539895833333336
00J,Feb,-0.01844026641936125
00K,Feb,-1.6703597540711108
00L,Feb,-1.8170228283427274
00M,Feb,-1.8613596892138844
00N,Feb,-0.8203525760397241
00P,Feb,-1.7329633476777104
00Q,Feb,-1.2327382953181356
00R,Feb,0.08101173345140467
00T,Feb,-0.24918657528982635
00V,Feb,-3.033902819436115
00W,Feb,-0.4890830797476191
00X,Feb,-1.0767393376221115
00Y,Feb,-2.152275560517264
01A,Feb,-1.6398496066635744
01C,Feb,-0.5272577757887689
01D,Feb,-0.7476817913539762
01E,Feb,-0.7950692940667032
01F,Feb,-1.688591528865679
01G,Feb,-5.048183430203929
01H,Feb,-1.5523842054925616
01J,Feb,-1.3933043262058789
01K,Feb,-1.6996072676449998
01M,Feb,-2.6009546925566482
01N,Feb,-0.8194568965517242
01R,Feb,-1.2840924173528379
01T,Feb,-1.2032038559682476
01V,Feb,-0.41964835164834824
01W,Feb,-0.28799063387771184
01X,Feb,-1.4813580730441576
01Y,Feb,-1.5210065302568587
02A,Feb,-1.6804498407643393
02D,Feb,-0.3765981588524987
02E,Feb,-1.451230796341756
02F,Feb,-1.1446679282689018
02G,Feb,-0.4463679877465019
02H,Feb,-1.8356131810522278
02M,Feb,-1.6137740760020804
02N,Feb,-1.7479444130925508
02P,Feb,-0.27662494172588126
02Q,Feb,-3.4909520348837297
02R,Feb,-2.2833956651083724
02T,Feb,-1.8307802739726036
02V,Feb,-2.494987099152226
02W,Feb,-3.118436258025067
02X,Feb,-1.1888502380080475
02Y,Feb,-1.5252010489510504
03A,Feb,-1.9197283219283001
03C,Feb,-1.2431799059638706
03D,Feb,-0.7176368582114989
03E,Feb,-2.090610134436414
03F,Feb,-2.379920470812781
03G,Feb,-0.9175267296986931
03H,Feb,-2.1887277227722777
03J,Feb,-1.4472097988537982
03K,Feb,0.05726334519572518
03L,Feb,0.7225757275136004
03M,Feb,-0.35494277821626596
03N,Feb,-1.9310046203056466
03Q,Feb,-1.6118512536532847
03R,Feb,-1.710808606218226
03T,Feb,-1.3629586038961072
03V,Feb,0.587788352297558
03W,Feb,-0.3112172630025789
03X,Feb,-2.0236318191697453
03Y,Feb,-1.1915310600945261
04C,Feb,0.2644089620237118
04D,Feb,-1.5398167699734344
04E,Feb,-0.305733302731241
04F,Feb,-0.43010175180950583
04G,Feb,-1.2649016528307477
04H,Feb,-1.1662322487866241
04J,Feb,-0.14104470991257934
04K,Feb,-1.3245341395187875
04L,Feb,-1.5809379682349434
04M,Feb,-2.422922450933461
04N,Feb,-2.179060141779104
04Q,Feb,-1.0512345260301856
04R,Feb,-1.5953020658413681
04V,Feb,-0.8530493384444213
04X,Feb,-1.2908382455622593
04Y,Feb,0.7543839869281044
05A,Feb,-1.7228557696140747
05C,Feb,-1.6999972934569207
05D,Feb,-1.213369724621156
05F,Feb,-2.0461647661159006
05G,Feb,-0.8356326116834367
05H,Feb,-1.9588595411303942
05J,Feb,-0.9345532892846791
05L,Feb,-2.9665500643146885
05N,Feb,-2.658815064298839
05P,Feb,-0.7769767441860473
05Q,Feb,-0.2865238044970013
05R,Feb,-0.8813680528565868
05T,Feb,-1.6959709058849448
05V,Feb,0.902416570770999
05W,Feb,-1.7341558092679676
05X,Feb,-3.663291090629798
05Y,Feb,-0.8896563403936
06A,Feb,-0.7086139426694942
06D,Feb,-1.6918810380753975
06F,Feb,-1.2552585571353347
06H,Feb,-1.9134730091167889
06K,Feb,-1.3955441764362462
06L,Feb,-2.305877867406103
06M,Feb,-1.7314197163963616
06N,Feb,-1.2502046590587526
06P,Feb,-2.107641725520132
06Q,Feb,-0.48234642879736
06T,Feb,-1.563234415584411
06V,Feb,-2.4841172899465835
06W,Feb,-2.42071820175439
06Y,Feb,-1.9865515420363415
07G,Feb,2.56452753218246
07H,Feb,-0.4187022839157528
07J,Feb,-1.8417698006887164
07K,Feb,-0.7635252949410116
07L,Feb,-1.777702364711235
07M,Feb,-0.6678615158564938
07N,Feb,-1.0505453840937697
07P,Feb,-0.32554188037839005
07Q,Feb,-2.061944077695152
07R,Feb,-0.6230788110171783
07T,Feb,-0.36909557306577057
07V,Feb,-1.2133184739188394
07W,Feb,-1.0816292455275995
07X,Feb,-2.416825276557052
07Y,Feb,-0.08538088306647396
08A,Feb,-0.07779105026187949
08C,Feb,-0.34526886579304517
08D,Feb,-0.693394141594009
08E,Feb,-2.752227567606969
08F,Feb,-1.5989866521383824
08G,Feb,-0.37943744090765463
08H,Feb,-1.1807890325670467
08J,Feb,0.5970582058205878
08K,Feb,-1.7813226875114214
08L,Feb,-1.7346851907511116
08M,Feb,-1.5215515686316294
08N,Feb,-2.182037359400102
08P,Feb,-0.29314498784727405
08Q,Feb,-0.8514954721862829
08R,Feb,-0.8545215451450012
08T,Feb,-1.6872219236969386
08V,Feb,-0.30271660282011226
08W,Feb,-1.5733744032034522
08X,Feb,-0.8752945677123236
08Y,Feb,-0.1372710789250533
09A,Feb,0.08914948453608318
09C,Feb,-2.7725634860736754
09D,Feb,-1.4496214444326938
09E,Feb,-0.6149419802624543
09F,Feb,-0.8304491335612418
09G,Feb,-2.2213955456570247
09H,Feb,-0.21888558139535164
09J,Feb,-0.7420613908872973
09L,Feb,-0.6028265670120696
09N,Feb,-0.8094942682821262
09P,Feb,-0.8455023074192418
09W,Feb,-2.0071351351351403
09X,Feb,-1.794429218157351
09Y,Feb,-1.2296942987058443
10A,Feb,-1.2435825767622255
10C,Feb,0.3695466137715968
10D,Feb,-2.508175490016491
10E,Feb,-1.750801195002719
10G,Feb,-3.210090982612215
10H,Feb,-1.2436625427818697
10J,Feb,0.42706803334083787
10K,Feb,-0.8230343489672478
10L,Feb,-0.8089047619047598
10M,Feb,-2.117332026875701
10N,Feb,-2.927471264367817
10Q,Feb,-0.6711291528239194
10R,Feb,-1.0831851675778559
10T,Feb,-1.4241377978106868
10V,Feb,-1.0890430872202508
10W,Feb,-3.7157565755191087
10X,Feb,-0.8289873417721587
10Y,Feb,-1.7049980265754563
11A,Feb,-1.3543632797550735
11C,Feb,-1.1427049704462178
11D,Feb,-0.9521530715005078
11E,Feb,-1.4981587256027495
11H,Feb,-1.5137544148810882
11J,Feb,-0.6706715254033853
11M,Feb,-0.6236892147919519
11N,Feb,-3.112152283031083
11T,Feb,-2.1504725028058402
11X,Feb,-1.356733456258965
12A,Feb,-0.7883969004729714
12D,Feb,-0.9999339553412341
12F,Feb,-1.7998436918496559
13P,Feb,-1.8869233608473657
99A,Feb,-1.380770193243432
99C,Feb,-1.1969808061420366
99D,Feb,-3.078602620087338
99E,Feb,-0.9097184623714227
99F,Feb,-1.0064329451314613
99G,Feb,-1.2018954300564992
99H,Feb,-0.6205663806158555
99J,Feb,-0.7691881148387374
99K,Feb,-2.1562557216966773
99M,Feb,-2.559064985925847
99N,Feb,-0.5956562959734093
99P,Feb,-1.1845109113568135
99Q,Feb,-0.46230780883132994
00C,Jan,-0.44638012469298616
00D,Jan,0.2171579783011417
00F,Jan,-0.852454855537724
00G,Jan,-0.44924535603715654
00H,Jan,-0.8815016025641036
00J,Jan,0.5694368097124958
00K,Jan,0.7050290794283889
00L,Jan,-0.22997568929735834
00M,Jan,-0.6481893662400964
00N,Jan,1.7573780260707679
00P,Jan,0.318625908888567
00Q,Jan,0.39171788715485434
00R,Jan,0.8288332964356826
00T,Jan,0.7794254787676849
00V,Jan,-1.2181607678464346
00W,Jan,0.2319510162674021
00X,Jan,-0.9752215868477485
00Y,Jan,0.8216978323564987
01A,Jan,0.1028782970846791
01C,Jan,-0.08143432535242923
01D,Jan,1.0617733072552866
01E,Jan,0.12707882200086829
01F,Jan,-0.41821003771395127
01G,Jan,-3.7023495222145435
01H,Jan,-0.07385662886551003
01J,Jan,0.8342727498756766
01K,Jan,-0.42728860936408
01M,Jan,1.0443004729898142
01N,Jan,1.83720833333334
01R,Jan,1.4580250706648599
01T,Jan,1.8005996597675136
01V,Jan,0.49896872358410604
01W,Jan,0.7382917214191842
01X,Jan,-0.36246744345441684
01Y,Jan,0.47950021767521633
02A,Jan,-0.16418789808917467
02D,Jan,0.8808777563690846
02E,Jan,0.4385201747189633
02F,Jan,-0.9107839956744996
02G,Jan,0.014334673559257993
02H,Jan,-0.29733008799850325
02M,Jan,2.1283485163977147
02N,Jan,-0.48147714446952605
02P,Jan,2.0569905048339088
02Q,Jan,-1.7360138081395249
02R,Jan,-0.310035213405385
02T,Jan,-0.12074630136987707
02V,Jan,-0.4420862513822392
02W,Jan,-0.715126872516052
02X,Jan,-0.13545160502868114
02Y,Jan,0.10842859064012345
03A,Jan,-0.4020273720763967
03C,Jan,0.24848552338529828
03D,Jan,0.577035022101331
03E,Jan,-0.23339021027232576
03F,Jan,0.32109829807540535
03G,Jan,0.9636166828664834
03H,Jan,1.3739443069306958
03J,Jan,0.5852961006854649
03K,Jan,1.5810177935943024
03L,Jan,1.2989337319382237
03M,Jan,0.8958307024467231
03N,Jan,0.08328515578722673
03Q,Jan,0.618166435932924
03R,Jan,0.21455254758246056
03T,Jan,0.15946902056277779
03V,Jan,2.243250048065999
03W,Jan,0.7470992253780864
03X,Jan,-1.1730319495761812
03Y,Jan,0.45014010803511084
04C,Jan,0.4860622814538509
04D,Jan,0.9190719902145013
04E,Jan,1.7784025705760769
04F,Jan,1.914147697471936
04G,Jan,0.764636900755356
04H,Jan,0.21283839654861936
04J,Jan,1.8942823327835878
04K,Jan,1.0690358100636637
04L,Jan,-0.11928528618519607
04M,Jan,-0.23754188606989146
04N,Jan,-0.1689458037960243
04Q,Jan,0.937310496862807
04R,Jan,-0.2906525559417297
04V,Jan,0.4552992457029852
04X,Jan,-0.48063786994617175
04Y,Jan,2.210192810457521
05A,Jan,0.20140893144829874
05C,Jan,0.33825901617158394
05D,Jan,1.3486068111455118
05F,Jan,0.2690377007214373
05G,Jan,0.5625511986071139
05H,Jan,0.167769445998875
05J,Jan,0.9656248204538933
05L,Jan,-0.24686322747765388
05N,Jan,-0.7479240661359441
05P,Jan,1.7837153488372088
05Q,Jan,1.5459907104402042
05R,Jan,0.8657889623008082
05T,Jan,0.6202277569612846
05V,Jan,2.3314532303139863
05W,Jan,-0.7171403626595136
05X,Jan,-1.184618535586285
05Y,Jan,1.1819940618834863
06A,Jan,0.6587959225559281
06D,Jan,0.8821481341163135
06F,Jan,0.25907846234860443
06H,Jan,-0.5114716286560679
06K,Jan,0.08920585725195807
06L,Jan,-1.5227287622888852
06M,Jan,-0.40746794599643366
06N,Jan,0.4674045081580651
06P,Jan,-0.8740513456766585
06Q,Jan,0.9938400708546808
06T,Jan,0.03839935064933542
06V,Jan,-0.4603812530354574
06W,Jan,-0.07740816885964819
06Y,Jan,-0.1610002112378588
07G,Jan,2.484513197979762
07H,Jan,0.5460729561778628
07J,Jan,-1.5081957633308924
07K,Jan,-0.28871725654869707
07L,Jan,0.3223988176443733
07M,Jan,1.253998408228231
07N,Jan,0.12981788239853032
07P,Jan,-0.23049167023541628
07Q,Jan,0.22658843299224785
07R,Jan,0.7150149986364802
07T,Jan,1.7070447188266336
07V,Jan,0.47618132345278497
07W,Jan,0.20302359346643328
07X,Jan,0.1660425822094176
07Y,Jan,1.2823136018114205
08A,Jan,-0.6630873839933784
08C,Jan,1.288475674047298
08D,Jan,0.1891578358369408
08E,Jan,-1.7783460893651153
08F,Jan,0.3437734190448687
08G,Jan,1.9980704380712204
08H,Jan,0.735731561302682
08J,Jan,1.2463471347134742
08K,Jan,1.2676870748299223
08L,Jan,1.3018712843200113
08M,Jan,0.2786356010174913
08N,Jan,-1.3607565613283334
08P,Jan,1.629768107387143
08Q,Jan,1.3313712807244578
08R,Jan,-0.5632394035458539
08T,Jan,0.720707952713596
08V,Jan,-0.16365636971228525
08W,Jan,0.42482288618512243
08X,Jan,1.2653532262177976
08Y,Jan,1.1932453743070397
09A,Jan,0.6326494845360742
09C,Jan,0.8359238095237984
09D,Jan,-1.5152479644707562
09E,Jan,0.7701952065936446
09F,Jan,-0.11116939761877376
09G,Jan,-0.5202396571475703
09H,Jan,1.1635888372092964
09J,Jan,-0.1250282973621104
09L,Jan,0.8772940377102074
09N,Jan,1.625917251051888
09P,Jan,0.5156620518281905
09W,Jan,0.1682198685171521
09X,Jan,-1.3266768628410652
09Y,Jan,0.16821126267925735
10A,Jan,0.7215485055595288
10C,Jan,2.1573335222442616
10D,Jan,-0.7926543322952959
10E,Jan,-0.15039652362845857
10G,Jan,-1.2861120097048087
10H,Jan,0.3640778144566461
10J,Jan,1.5335604865960732
10K,Jan,0.938493666552553
10L,Jan,0.5959642857142846
10M,Jan,-0.4838129899216064
10N,Jan,-2.0808466498458102
10Q,Jan,0.9403729235880363
10R,Jan,-0.5850915141430946
10T,Jan,-0.058163554410814555
10V,Jan,0.8891413930140146
10W,Jan,-2.585220367371619
10X,Jan,0.18575086306099564
10Y,Jan,-0.2149269832916758
11A,Jan,0.6804630692690417
11C,Jan,-0.14870507495034246
11D,Jan,-1.824314199395772
11E,Jan,0.07407146957519828
11H,Jan,0.43205027077937785
11J,Jan,0.8996673864795177
11M,Jan,-0.15203529576871944
11N,Jan,-2.108051732512955
11T,Jan,0.4010336700336694
11X,Jan,-0.10645072730997285
12A,Jan,0.8253577538492536
12D,Jan,0.19223398679107362
12F,Jan,-0.6085944671876966
13P,Jan,-0.0020248714484587538
99A,Jan,0.2313990453681889
99C,Jan,0.1776343570057577
99D,Jan,0.03497945029539906
99E,Jan,0.7449052517595973
99F,Jan,1.330689158362354
99G,Jan,0.06763111223714802
99H,Jan,0.8445916203937394
99J,Jan,0.6746234915628371
99K,Jan,-0.14943545926151813
99M,Jan,0.6980969281605667
99N,Jan,1.0108320165640485
99P,Jan,0.0770193302044504
99Q,Jan,1.1332727410437045
00C,Jul,-1.712189684488953
00D,Jul,-0.2645779306694891
00F,Jul,-1.7708055778491136
00G,Jul,-0.2329140866873125
00H,Jul,-0.1270288461538449
00J,Jul,-0.2780456959784203
00K,Jul,-0.5331791851884589
00L,Jul,0.061254669433738584
00M,Jul,-0.6163970140158526
00N,Jul,0.2045276225946644
00P,Jul,-0.511028342484046
00Q,Jul,0.005530612244900368
00R,Jul,-0.28154195262341375
00T,Jul,1.0285588932300058
00V,Jul,-2.378898620275944
00W,Jul,0.8429569182767338
00X,Jul,-2.0997736478437012
00Y,Jul,-0.28918969206437595
01A,Jul,-1.1602550902359852
01C,Jul,-1.4263627209666616
01D,Jul,-0.04923535438204496
01E,Jul,-1.5383618449545189
01F,Jul,-0.22126196692776645
01G,Jul,-3.5765963944439
01H,Jul,-0.6343712711208411
01J,Jul,-0.4835778219791038
01K,Jul,-1.1716645702306145
01M,Jul,-0.9058513816280893
01N,Jul,0.8766839080459725
01R,Jul,0.01601573061324757
01T,Jul,0.2818400907286609
01V,Jul,-1.016934911242604
01W,Jul,-0.16955053658236352
01X,Jul,0.235383334965249
01Y,Jul,-1.0439521114497197
02A,Jul,-1.1638913216560596
02D,Jul,0.18801755512738438
02E,Jul,-0.3933517017828194
02F,Jul,-2.248699648553661
02G,Jul,-1.1041030059352899
02H,Jul,-0.6097815640017465
02M,Jul,0.2090473711608567
02N,Jul,-0.3067254514672726
02P,Jul,0.6611790849673227
02Q,Jul,-1.4920403343023239
02R,Jul,-0.8681482605792006
02T,Jul,-0.7213731506849328
02V,Jul,-0.2863128148421126
02W,Jul,-0.9636334454295259
02X,Jul,1.2917142682777936
02Y,Jul,-0.4420299892415258
03A,Jul,-0.3573445000510773
03C,Jul,-0.5313033077621014
03D,Jul,0.6833287997279811
03E,Jul,-0.3224715615305058
03F,Jul,-0.38342770796882064
03G,Jul,-0.9186886984183005
03H,Jul,-0.011643564356440095
03J,Jul,-0.04233846499607807
03K,Jul,0.5587259786476793
03L,Jul,0.2498729446935677
03M,Jul,-0.9140923441199647
03N,Jul,-0.8263724677170892
03Q,Jul,-1.2164513151822796
03R,Jul,-0.35826457028017344
03T,Jul,-0.8649330357142979
03V,Jul,1.653482774893817
03W,Jul,0.585534489118416
03X,Jul,-0.9713171049771763
03Y,Jul,0.1367943956785922
04C,Jul,0.40400741557269626
04D,Jul,-0.5865838144632534
04E,Jul,-0.28411751204957625
04F,Jul,0.7343658869191358
04G,Jul,-0.7209371026849283
04H,Jul,0.9311953981664622
04J,Jul,-0.9901474802544215
04K,Jul,-0.12387454981992718
04L,Jul,0.10415792628108989
04M,Jul,0.2977357587362377
04N,Jul,-1.579778184312822
04Q,Jul,0.5673868068509407
04R,Jul,-0.05497793572070009
04V,Jul,-0.5028106838135216
04X,Jul,-0.54305895351591
04Y,Jul,1.6672107843137276
05A,Jul,0.4660081012658246
05C,Jul,-0.39455917179782674
05D,Jul,0.9182287762750612
05F,Jul,-1.524015592273681
05G,Jul,-0.7382905904059065
05H,Jul,-0.42018019026301445
05J,Jul,0.6909293306521178
05L,Jul,-0.7177604377833475
05N,Jul,-0.6289857624004895
05P,Jul,-0.9999069767441888
05Q,Jul,0.7442003589148172
05R,Jul,-0.0048464827050018755
05T,Jul,-0.4424774079788456
05V,Jul,0.23457833305933917
05W,Jul,-1.0819818670248473
05X,Jul,-0.27012544802867566
05Y,Jul,0.2552511901779013
06A,Jul,0.2835075596907757
06D,Jul,-1.9044497063837866
06F,Jul,-0.5415028962611927
06H,Jul,-0.8814212993586708
06K,Jul,-0.6627907290122579
06L,Jul,-0.652250441139401
06M,Jul,-0.9544221788231333
06N,Jul,0.4724606243516156
06P,Jul,-1.4466472609276515
06Q,Jul,0.06957866767887566
06T,Jul,-0.7100298701298691
06V,Jul,-0.848462846041766
06W,Jul,-1.2818215460526297
06Y,Jul,-2.141425855513308
07G,Jul,-0.7887695968645083
07H,Jul,-0.5743370188039698
07J,Jul,-1.8626338307419417
07K,Jul,-0.027687462507508087
07L,Jul,0.35243178717598767
07M,Jul,-0.5499932655810049
07N,Jul,-1.0425486777099664
07P,Jul,0.29386403017022644
07Q,Jul,-0.42027167990035963
07R,Jul,0.11003136078538134
07T,Jul,3.6424725617917417
07V,Jul,-0.18381288716494026
07W,Jul,-0.784853513093065
07X,Jul,-1.7608319442339706
07Y,Jul,0.9948261361798565
08A,Jul,0.8489433060736822
08C,Jul,-0.8114911884319902
08D,Jul,0.05868368498741461
08E,Jul,-0.8850637801589016
08F,Jul,-1.0253203296968358
08G,Jul,0.8429254648597606
08H,Jul,-0.4745932203678791
08J,Jul,0.2817056705670602
08K,Jul,0.7412028447742749
08L,Jul,-0.1951860318461307
08M,Jul,-0.7082394328083481
08N,Jul,-0.8831414033208347
08P,Jul,0.5546398918710089
08Q,Jul,-0.08123242777058692
08R,Jul,-0.583204179875537
08T,Jul,0.8558785599140251
08V,Jul,-0.2504344282337527
08W,Jul,-0.18341752656707655
08X,Jul,-0.010277140185330325
08Y,Jul,1.264200756504529
09A,Jul,-0.3161072919415453
09C,Jul,-0.07223428571428059
09D,Jul,0.4500539283070779
09E,Jul,0.20539529335212947
09F,Jul,-0.7161570199221927
09G,Jul,-1.4715968819599006
09H,Jul,1.265901395348834
09J,Jul,-0.2660489208632981
09L,Jul,0.47527433327671176
09N,Jul,0.2921146460516013
09P,Jul,1.2637273695420674
09W,Jul,-0.9725792549306078
09X,Jul,-2.2671026550838143
09Y,Jul,-0.6977572577824454
10A,Jul,0.7048352545139203
10C,Jul,-1.7536157551714382
10D,Jul,-0.032797215607246244
10E,Jul,0.5628666485605542
10G,Jul,-1.8981823695915807
10H,Jul,-0.508167658811054
10J,Jul,0.8882766388826298
10K,Jul,-0.777522537943625
10L,Jul,0.9108928571428585
10M,Jul,-2.481405375139982
10N,Jul,-2.877022708158119
10Q,Jul,-0.2650178571428512
10R,Jul,-0.5963382457808493
10T,Jul,-0.405779781068901
10V,Jul,-0.3222944990587777
10W,Jul,-1.5350129077681416
10X,Jul,0.21806674338320065
10Y,Jul,-1.545353242994338
11A,Jul,-0.21970531955606987
11C,Jul,-2.0115567997110375
11D,Jul,-1.6289466263846926
11E,Jul,-0.6171455223880535
11H,Jul,-0.38881504591475746
11J,Jul,-0.14049187211326242
11M,Jul,-0.4518233808153802
11N,Jul,-1.704155197538853
11T,Jul,-0.6059360269360212
11X,Jul,-0.7402929727514795
12A,Jul,-0.39749723256515423
12D,Jul,-1.9896687283782377
12F,Jul,-1.4188524996898764
13P,Jul,-0.27090150104722355
99A,Jul,-0.9609495342694139
99C,Jul,3.431937619961614
99D,Jul,0.622543025944001
99E,Jul,-0.7784019130120932
99F,Jul,-0.9291679673430266
99G,Jul,-0.7761515074740366
99H,Jul,-0.5615042907622403
99J,Jul,-0.2708529396329382
99K,Jul,-1.443330790357031
99M,Jul,1.1991934891690192
99N,Jul,0.19116874625401437
99P,Jul,-0.18107840797603103
99Q,Jul,0.3767848216314498
00C,Jun,-1.8798280748157943
00D,Jun,-1.0411312516538764
00F,Jun,-1.900956059390058
00G,Jun,-2.3418111455108317
00H,Jun,-0.6071314102564109
00J,Jun,-1.3989908102183612
00K,Jun,-1.4670604852110358
00L,Jun,-0.34076430477319697
00M,Jun,-1.7150388482632586
00N,Jun,-0.6694959652389763
00P,Jun,-0.7098345451847443
00Q,Jun,-0.8311488595438199
00R,Jun,-1.3608434801859666
00T,Jun,-1.0223691795298748
00V,Jun,-3.5400911817636427
00W,Jun,-0.3725093003720126
00X,Jun,-3.8452168215392
00Y,Jun,-0.7130700530282148
01A,Jun,-2.169592781119853
01C,Jun,-1.5223461624524504
01D,Jun,-1.8122184967868051
01E,Jun,-3.2474480294499806
01F,Jun,-1.7995996518711976
01G,Jun,-3.92254753226284
01H,Jun,-1.1164357608052207
01J,Jun,-1.8684261561412292
01K,Jun,-1.499361285814114
01M,Jun,-1.9454717450833954
01N,Jun,-2.0640933908045973
01R,Jun,-0.3637778050878744
01T,Jun,-0.08314527096845836
01V,Jun,-0.39860185967878436
01W,Jun,-0.7832294373049677
01X,Jun,-0.9940223244883946
01Y,Jun,-1.3631266869830228
02A,Jun,-2.4940216958598818
02D,Jun,0.41253478912438624
02E,Jun,-1.0277644516477586
02F,Jun,-1.6103289177255
02G,Jun,-1.1419950220179942
02H,Jun,-1.0902646196093038
02M,Jun,-1.1653774076002072
02N,Jun,-0.960561512415353
02P,Jun,0.11384749455337584
02Q,Jun,-2.1442132994186025
02R,Jun,-1.4637593345880653
02T,Jun,-0.3602169863013778
02V,Jun,-2.336139574886353
02W,Jun,-2.058034240293491
02X,Jun,0.05089832784084791
02Y,Jun,-1.3374280527165148
03A,Jun,-0.778349504647128
03C,Jun,-1.8881349500948694
03D,Jun,-0.17987589255355374
03E,Jun,-1.8062168217855898
03F,Jun,-1.217297598218547
03G,Jun,-1.6743757179464502
03H,Jun,-0.9113613861386085
03J,Jun,-0.7733239689852667
03K,Jun,-0.3590699881376018
03L,Jun,-1.7638016940707573
03M,Jun,-2.39423835832676
03N,Jun,-1.3642988587450127
03Q,Jun,-0.726000615289955
03R,Jun,-1.275277219529496
03T,Jun,-0.9956317640692696
03V,Jun,2.4074044360547546
03W,Jun,-0.7117543341940227
03X,Jun,-1.296850684633771
03Y,Jun,-1.7101806212018893
04C,Jun,-0.8754439322577454
04D,Jun,-0.9968881495253861
04E,Jun,-0.872168923571266
04F,Jun,-0.5289583551872425
04G,Jun,-1.259332884600994
04H,Jun,0.26369584756426434
04J,Jun,-1.126855385475647
04K,Jun,-1.850119297719072
04L,Jun,-1.714066526820499
04M,Jun,-1.83770224988033
04N,Jun,-2.031317173565057
04Q,Jun,0.17960997117177158
04R,Jun,-1.0071796774319566
04V,Jun,-0.8780709781130156
04X,Jun,-0.9392352616210111
04Y,Jun,0.5469052287581668
05A,Jun,0.2338774683544358
05C,Jun,-1.0997259625143947
05D,Jun,-0.5431644125794328
05F,Jun,-1.1105899464742777
05G,Jun,-0.9897490774907709
05H,Jun,-0.4125069949636284
05J,Jun,-1.6618902614191349
05L,Jun,-1.516326939704328
05N,Jun,-0.4826837109614175
05P,Jun,-1.671044651162802
05Q,Jun,-0.5764572996938604
05R,Jun,-0.5801865526622692
05T,Jun,-1.6622334876203055
05V,Jun,-0.5449301331579832
05W,Jun,-1.7701108126259228
05X,Jun,-1.0663325652841813
05Y,Jun,-0.5849210724129286
06A,Jun,-1.6323021139768628
06D,Jun,-1.9973820799393849
06F,Jun,-1.1565129015271154
06H,Jun,-0.4578116821489253
06K,Jun,-0.8062826213897516
06L,Jun,-1.4998663977817017
06M,Jun,-0.7590787127451755
06N,Jun,-0.7805531453362313
06P,Jun,-0.6193949226951645
06Q,Jun,-0.21844815588032063
06T,Jun,-0.3261720779220809
06V,Jun,-2.2877319086935373
06W,Jun,-1.0053810307017557
06Y,Jun,-0.8641423743134773
07G,Jun,-1.3612793952967515
07H,Jun,-0.5587587765313557
07J,Jun,-2.141234477720964
07K,Jun,-0.19125374925014071
07L,Jun,-2.0990507048658493
07M,Jun,-0.2627525407126079
07N,Jun,-0.7206093189964164
07P,Jun,-0.9094521880158624
07Q,Jun,-1.1424575743422167
07R,Jun,-0.8403422416143922
07T,Jun,2.0444133131078708
07V,Jun,-0.5849921843339345
07W,Jun,-0.646973813844955
07X,Jun,-2.209623717423206
07Y,Jun,-0.7759849587578813
08A,Jun,-0.8207121198199125
08C,Jun,-2.269011899382427
08D,Jun,-0.5359989580619988
08E,Jun,-2.0105926087907413
08F,Jun,-0.7872704985017727
08G,Jun,0.22767648912700622
08H,Jun,-1.6281287257468513
08J,Jun,0.7669156915691602
08K,Jun,-0.5136487322201617
08L,Jun,-0.16696279363077338
08M,Jun,-0.98835904096984
08N,Jun,-1.01849959828602
08P,Jun,-0.5340606294651487
08Q,Jun,-1.0392082794307846
08R,Jun,-0.6684759891980789
08T,Jun,0.4755977968833882
08V,Jun,-0.5955676909283518
08W,Jun,0.10289311566301862
08X,Jun,-1.2201513219416746
08Y,Jun,0.13011408290023851
09A,Jun,0.06526244767287182
09C,Jun,-0.775306666666669
09D,Jun,-1.0505350533995994
09E,Jun,-1.410613816288894
09F,Jun,-1.5915749145349558
09G,Jun,-1.9816930957683816
09H,Jun,-1.6931441860465135
09J,Jun,-0.9408585131894576
09L,Jun,2.3818617292339077
09N,Jun,-1.1808884610976804
09P,Jun,-0.36688675896342815
09W,Jun,-0.9802907231556013
09X,Jun,-2.8294567478282175
09Y,Jun,-1.348277019937047
10A,Jun,-1.3771580128532044
10C,Jun,-1.281113629923496
10D,Jun,-1.730613665506496
10E,Jun,-1.1940548614883149
10G,Jun,-0.5710655074807889
10H,Jun,-1.0315558998613703
10J,Jun,-0.08123789141699334
10K,Jun,0.04636425881547268
10L,Jun,-0.8117098214285754
10M,Jun,-1.0736926091825296
10N,Jun,-2.395472385758339
10Q,Jun,-1.3194505813953477
10R,Jun,-0.034431899215594086
10T,Jun,-1.5404443013522275
10V,Jun,-1.0124565990378613
10W,Jun,-1.1364937808026312
10X,Jun,-0.09243095512082533
10Y,Jun,-1.816197868701483
11A,Jun,-0.8472455032529567
11C,Jun,-1.2053530792848157
11D,Jun,-2.0394078549848906
11E,Jun,-1.9390599885189381
11H,Jun,-0.7385242524134696
11J,Jun,-0.47398176474115417
11M,Jun,-1.250068767104061
11N,Jun,-2.3580472797927463
11T,Jun,-1.435459034792359
11X,Jun,-0.37383609916002314
12A,Jun,0.17300895642548397
12D,Jun,-2.3746682042142737
12F,Jun,-1.8869017491626359
13P,Jun,-0.9641488247614554
99A,Jun,-2.070975485425649
99C,Jun,3.1262351247600826
99D,Jun,-1.6758322630362166
99E,Jun,-0.2630617217108764
99F,Jun,-0.9410265337975723
99G,Jun,-1.2379174056245255
99H,Jun,-0.5092993437657682
99J,Jun,-0.5678220584951923
99K,Jun,-0.37325450106804325
99M,Jun,0.0946028637865588
99N,Jun,0.8090824388383346
99P,Jun,-0.031056134489432452
99Q,Jun,-0.3559736423540123
00C,Mar,-0.2731040997544003
00D,Mar,-1.7519396665784512
00F,Mar,-2.206932182985552
00G,Mar,-1.7737693498452103
00H,Mar,-2.277001602564102
00J,Mar,-1.0289166174858657
00K,Mar,-1.7180225988700535
00L,Mar,-1.49888348651052
00M,Mar,-1.9059932967702622
00N,Mar,-0.9023836126629448
00P,Mar,-2.4210244973336614
00Q,Mar,-1.350484993997604
00R,Mar,-0.6337735222492746
00T,Mar,-1.068797796707873
00V,Mar,-2.855619676064787
00W,Mar,-0.839505069645611
00X,Mar,-0.8278162973552554
00Y,Mar,-0.9158237975625774
01A,Mar,-1.987546853308661
01C,Mar,-1.5811501454464079
01D,Mar,-1.7540694405857735
01E,Mar,-2.407391728020791
01F,Mar,-1.7074717145343783
01G,Mar,-5.742995763964135
01H,Mar,-2.0991137222753657
01J,Mar,-1.947889109895577
01K,Mar,-1.882075471698112
01M,Mar,-1.5558750311177612
01N,Mar,-1.9180071839080561
01R,Mar,-0.8272717217647738
01T,Mar,0.5130337397221467
01V,Mar,-0.4586052409129344
01W,Mar,-0.42207389657571426
01X,Mar,-2.3916234211299248
01Y,Mar,-1.3651014366565022
02A,Mar,-2.470144307324844
02D,Mar,-1.2789531149646862
02E,Mar,-1.561525741841244
02F,Mar,-2.605303235108593
02G,Mar,-1.9281677197013245
02H,Mar,-2.69126131186421
02M,Mar,-0.5219416970327977
02N,Mar,-2.515612302483067
02P,Mar,-0.5695788470942134
02Q,Mar,-3.0866260901162796
02R,Mar,-2.840482059377088
02T,Mar,-2.4597523287671272
02V,Mar,-1.8728000982921778
02W,Mar,-3.613486701314585
02X,Mar,-3.0599621628219147
02Y,Mar,-1.8016870629370665
03A,Mar,-2.621909917270969
03C,Mar,-1.695728780004952
03D,Mar,-1.4909061543692665
03E,Mar,-2.7220441227163086
03F,Mar,-2.074533163671081
03G,Mar,-1.2746390386144704
03H,Mar,-0.752121287128702
03J,Mar,-2.5448376222047386
03K,Mar,-0.34839145907473323
03L,Mar,-0.35093772082207764
03M,Mar,-1.29010260457774
03N,Mar,-1.8032926588476954
03Q,Mar,-1.5638263344100842
03R,Mar,-2.151383733301806
03T,Mar,-0.9184476461038962
03V,Mar,0.8737723069931711
03W,Mar,-0.11302323865731978
03X,Mar,-1.1898978482938531
03Y,Mar,-1.911581701553004
04C,Mar,0.23098952638861903
04D,Mar,-1.364621426512997
04E,Mar,-0.04031902685334643
04F,Mar,0.7333168991922818
04G,Mar,-1.140062822526371
04H,Mar,-1.2366295164479553
04J,Mar,-0.5689668627441193
04K,Mar,-1.6809460565078815
04L,Mar,-1.8495774647887373
04M,Mar,-1.003231211105792
04N,Mar,-2.339371141093075
04Q,Mar,-0.8451144649821956
04R,Mar,-1.3450603350646286
04V,Mar,-1.0337053295412417
04X,Mar,-2.9088975523983756
04Y,Mar,-0.012882352941186781
05A,Mar,-0.5194781052215234
05C,Mar,-2.2144840652276905
05D,Mar,-1.2079077725272924
05F,Mar,-2.1247626250872678
05G,Mar,-0.536095833122328
05H,Mar,-2.2406692781197606
05J,Mar,-0.0783539212869897
05L,Mar,-2.045042420735509
05N,Mar,-1.7019052357624034
05P,Mar,-0.1436372093023337
05Q,Mar,-0.5980038002744692
05R,Mar,-0.1789486980178836
05T,Mar,-1.5771669972816156
05V,Mar,-0.441292125595929
05W,Mar,-2.3708153122901265
05X,Mar,-2.5957629288274546
05Y,Mar,-0.39336811491316936
06A,Mar,-0.5342724225217168
06D,Mar,-1.9882875544610776
06F,Mar,-1.7425334386519253
06H,Mar,-1.7371433090794177
06K,Mar,-1.8005246372905788
06L,Mar,-2.0333495084446653
06M,Mar,-1.608868132801227
06N,Mar,-1.7261152504008308
06P,Mar,-1.573162817331557
06Q,Mar,-0.9104896564813068
06T,Mar,-1.5600909090909063
06V,Mar,-2.2563161728994707
06W,Mar,-1.8040186403508756
06Y,Mar,-1.3510350654837389
07G,Mar,-0.07826271366561244
07H,Mar,0.3464934226454659
07J,Mar,-1.7014828341855406
07K,Mar,-1.433076384723055
07L,Mar,-1.5011630286493975
07M,Mar,-0.7876160156728247
07N,Mar,-0.2081313571636194
07P,Mar,-0.7171802029442667
07Q,Mar,-0.7137775178530603
07R,Mar,-0.5610867193891416
07T,Mar,-0.4622481832304963
07V,Mar,-1.1195061656921155
07W,Mar,-0.4301031890069922
07X,Mar,-1.4533141385058421
07Y,Mar,-0.3765615397056479
08A,Mar,-0.795501240466784
08C,Mar,-1.9917216448260255
08D,Mar,-2.0084914243603755
08E,Mar,-3.214041839784242
08F,Mar,-2.366666666666667
08G,Mar,-0.7038969429561917
08H,Mar,-1.1981154214559417
08J,Mar,-0.8963576357635716
08K,Mar,-1.124627981815891
08L,Mar,-1.1172183076723954
08M,Mar,-3.4329772231711786
08N,Mar,-2.068721210498129
08P,Mar,0.38822338649443466
08Q,Mar,-1.1882897621892923
08R,Mar,-2.1530597628272865
08T,Mar,-1.162533584094568
08V,Mar,-1.1454348357649415
08W,Mar,-2.000884028954264
08X,Mar,-0.4375276331027891
08Y,Mar,1.2003381479028619
09A,Mar,0.02352233676976212
09C,Mar,-1.454657005400101
09D,Mar,-2.0928613725282865
09E,Mar,-2.2142479123739314
09F,Mar,-2.630552870446774
09G,Mar,-3.615449258742366
09H,Mar,-2.1185209302325525
09J,Mar,-2.302919904076745
09L,Mar,-0.805518940037377
09N,Mar,-0.34569144460028767
09P,Mar,-2.134842030528933
09W,Mar,-3.146183261577626
09X,Mar,-1.1248219747950507
09Y,Mar,-0.5062825168566576
10A,Mar,-1.457814954605741
10C,Mar,-0.3695947860583786
10D,Mar,-2.5614544788422755
10E,Mar,-1.2121224877783874
10G,Mar,-0.9113526081682117
10H,Mar,-1.1593127356810982
10J,Mar,-2.142395809867093
10K,Mar,-0.9262992125984297
10L,Mar,-0.45102083333333454
10M,Mar,-2.7691349384098594
10N,Mar,-2.7537678721614753
10Q,Mar,-1.387056893687717
10R,Mar,-0.9956180175897309
10T,Mar,-1.8366336123631726
10V,Mar,-0.33385379627693723
10W,Mar,-2.149654995055407
10X,Mar,-1.414038166474871
10Y,Mar,-2.2691461649782916
11A,Mar,-1.2804247990815263
11C,Mar,-1.0482373126241669
11D,Mar,-2.902177240684793
11E,Mar,-1.8374124569460406
11H,Mar,-0.4722480574523189
11J,Mar,-0.7978642552936357
11M,Mar,-1.7299666690056839
11N,Mar,-3.8415519753886045
11T,Mar,-1.7254691358024665
11X,Mar,-1.0595496824421247
12A,Mar,-0.28491697695481477
12D,Mar,-1.7484946011112328
12F,Mar,-2.3950915336082446
13P,Mar,-2.2089553696369
99A,Mar,-1.6476759812780948
99C,Mar,-1.9461247600767706
99D,Mar,-1.5499229386077644
99E,Mar,-2.2024219454972
99F,Mar,-2.800504262216343
99G,Mar,-1.6029863780400184
99H,Mar,-1.0996961130742058
99J,Mar,-1.816989852792723
99K,Mar,-1.764499542264275
99M,Mar,0.16328478766367382
99N,Mar,-0.767797090393934
99P,Mar,-1.8646307639275719
99Q,Mar,-0.586512913731724
00C,May,0.20340449650481318
00D,May,1.0169634824027476
00F,May,-0.41197231139646817
00G,May,0.32308630030959407
00H,May,1.322463141025647
00J,May,1.5130174521541306
00K,May,0.6050423728813534
00L,May,1.2276679513785993
00M,May,1.4824573430834924
00N,May,0.589522036002478
00P,May,0.717095266359987
00Q,May,1.2439591836734678
00R,May,0.4921994686738991
00T,May,0.3733017357330404
00V,May,-0.4427714457108607
00W,May,1.4485203408136265
00X,May,0.3010817250416906
00Y,May,0.9399348776630312
01A,May,0.4937748727440905
01C,May,0.1952920116357113
01D,May,0.46861600074509013
01E,May,0.6478713728887016
01F,May,1.0930620829707003
01G,May,-1.3529317308639577
01H,May,0.9524124425012488
01J,May,0.210614122327204
01K,May,0.4219357092942033
01M,May,-0.18192556634305035
01N,May,1.3254051724137952
01R,May,0.7989725943222297
01T,May,0.6383257726112852
01V,May,0.696547759932379
01W,May,0.09993816738810679
01X,May,0.23284735141485768
01Y,May,0.9335437527209471
02A,May,0.8446098726114677
02D,May,2.687863412545493
02E,May,0.8261534305780742
02F,May,-0.8121095791655364
02G,May,0.9624411257897769
02H,May,0.6947606565562054
02M,May,0.6936790733992773
02N,May,1.1240547404063292
02P,May,3.469211328976037
02Q,May,2.1940534156976774
02R,May,0.6572023556553823
02T,May,1.5694487671232906
02V,May,2.0752414301511273
02W,May,0.5811632528278707
02X,May,3.699478213108744
02Y,May,0.021623184507792104
03A,May,0.8654662445102588
03C,May,0.5241978058236434
03D,May,0.5323971438286321
03E,May,0.41585487762840145
03F,May,0.24953236837919235
03G,May,0.5399611204382815
03H,May,1.2798205445544468
03J,May,0.7635835487133349
03K,May,0.8593831553973956
03L,May,1.292906493937899
03M,May,1.2420580110497283
03N,May,1.308406586897295
03Q,May,-0.02278341793569183
03R,May,1.0500886629625228
03T,May,0.4044588744588751
03V,May,4.109754601226985
03W,May,1.363525636296572
03X,May,0.18551619213214643
03Y,May,1.656519243754225
04C,May,0.4929592143501367
04D,May,1.4945523045307745
04E,May,1.7098588478310859
04F,May,0.8469212210217059
04G,May,1.4920937102684917
04H,May,1.58925939241416
04J,May,0.13948207171313953
04K,May,0.7426095438175153
04L,May,0.7521336529817262
04M,May,-0.32031354715174487
04N,May,0.8667047793276836
04Q,May,0.9771493979989856
04R,May,0.5821716718084886
04V,May,1.2505651044886896
04X,May,-1.0252024307473704
04Y,May,2.168658496732025
05A,May,1.6437883544303737
05C,May,0.6234955003721439
05D,May,0.5184552713052142
05F,May,0.08279380963463012
05G,May,1.1600645756457624
05H,May,2.2207095691102374
05J,May,-0.4567308244757271
05L,May,0.9792128121861907
05N,May,0.6335471524801015
05P,May,0.46602790697674834
05Q,May,1.328320489813155
05R,May,1.3585075787019072
05T,May,0.5670927925942202
05V,May,1.3933848430051015
05W,May,0.038272666218944096
05X,May,-0.2002918586789555
05Y,May,0.5608406414432494
06A,May,1.064948347814191
06D,May,1.1081246448190925
06F,May,0.36914060031595497
06H,May,1.1988654338385345
06K,May,0.35570857476530193
06L,May,-0.13332114948322982
06M,May,0.9251481701621813
06N,May,0.7082302178628694
06P,May,-0.686031685436145
06Q,May,1.167422028215345
06T,May,1.7233428571428568
06V,May,0.45947668771249184
06W,May,0.5415158991228104
06Y,May,0.6065832277144203
07G,May,2.264813829787226
07H,May,0.8732499394721955
07J,May,-0.17992173640822529
07K,May,0.1249490101979589
07L,May,1.3989904502046357
07M,May,0.2626711154646735
07N,May,0.39362200910588285
07P,May,0.35461573743757313
07Q,May,-0.35284524365561154
07R,May,1.1690700845377613
07T,May,3.9739841170696835
07V,May,0.2520807039888844
07W,May,0.2398179932590132
07X,May,-0.4185424822300128
07Y,May,1.139223677826294
08A,May,1.0240485160341848
08C,May,-1.4793056183160118
08D,May,0.986542502387767
08E,May,-0.6692295356804365
08F,May,-0.11950525701222858
08G,May,1.2699708477781222
08H,May,0.0084051570744883
08J,May,1.3356630663066298
08K,May,0.3224567099567146
08L,May,1.452222922907147
08M,May,0.2611554906099549
08N,May,-0.3376867970005293
08P,May,1.0686580420930731
08Q,May,0.12604484691676987
08R,May,1.2293659739344882
08T,May,0.556663084363251
08V,May,0.08309397668922003
08W,May,-0.0204366240566749
08X,May,0.4583473603672452
08Y,May,0.6069858537882205
09A,May,-0.004939862542947537
09C,May,0.15324190476190225
09D,May,0.3016844665327234
09E,May,2.333418284350941
09F,May,0.7084121183543637
09G,May,-0.031154565701555725
09H,May,2.4600465116279047
09J,May,0.906235011990411
09L,May,2.4078783760828912
09N,May,0.827023144773424
09P,May,0.7673813749852023
09W,May,1.0155346968590209
09X,May,-0.4153297442799335
09Y,May,0.6011675410982882
10A,May,1.4671161889217643
10C,May,0.9229951827713201
10D,May,2.122172559076752
10E,May,2.7431586094513847
10G,May,0.2160250707642568
10H,May,0.5855769387588659
10J,May,0.969930164451462
10K,May,0.8384571493780655
10L,May,1.2503660714285694
10M,May,0.40952127659574344
10N,May,-0.6446565741519414
10Q,May,0.2297416943521675
10R,May,0.6755716662705105
10T,May,0.7056922086284665
10V,May,0.23469567036184813
10W,May,-0.7740629117607973
10X,May,1.6572219025699972
10Y,May,-0.4811801078805438
11A,May,2.0477167049368603
11C,May,0.6566245259165626
11D,May,-0.8216092648539863
11E,May,-0.1958539035591258
11H,May,1.4439845773487008
11J,May,0.7351535600743979
11M,May,0.4407729282155728
11N,May,-0.1551432966321329
11T,May,-0.5772817059483764
11X,May,0.6439725466092874
12A,May,1.8831116030995254
12D,May,-0.5705031974001464
12F,May,0.3436279617913378
13P,May,1.3822143355829724
99A,May,-0.5886755642059569
99C,May,5.431259117082526
99D,May,0.3010634472129432
99E,May,1.9299052517596103
99F,May,0.008124624804903391
99G,May,0.31620597922473337
99H,May,1.4234578495709194
99J,May,1.7175306988167023
99K,May,0.6949740616417444
99M,May,0.964120670664542
99N,May,1.9970266441453681
99P,May,1.1453981385728902
99Q,May,1.4896993107627061
00C,Nov,-1.0514868694502209
00D,Nov,-0.5149947075946066
00F,Nov,-0.2502026484751241
00G,Nov,-0.6919272445820468
00H,Nov,-0.7739871794871753
00J,Nov,0.16498440266418868
00K,Nov,-0.47200398803589394
00L,Nov,-0.17259116513489836
00M,Nov,-0.8086052711761091
00N,Nov,1.4488913718187497
00P,Nov,-0.4456989167532228
00Q,Nov,-0.8090168067226919
00R,Nov,0.2977617887978745
00T,Nov,1.0140498302696592
00V,Nov,-2.041300539892017
00W,Nov,-0.11278817577121814
00X,Nov,-1.8747664998808737
00Y,Nov,-0.6922281142431927
01A,Nov,-0.6238922952336843
01C,Nov,-0.7309196688297099
01D,Nov,-0.7147769395548096
01E,Nov,-0.9701126028583751
01F,Nov,-0.6486480997969224
01G,Nov,-4.258321347650476
01H,Nov,-0.7606344218244914
01J,Nov,-1.5791708105420241
01K,Nov,-1.29626694619148
01M,Nov,-0.27957555389595257
01N,Nov,1.4521163793103469
01R,Nov,0.8486948506820582
01T,Nov,0.3605146016444536
01V,Nov,0.8465257819104011
01W,Nov,0.6079013681688004
01X,Nov,-0.705346127484578
01Y,Nov,-1.0122255115367729
02A,Nov,-0.18624800955414145
02D,Nov,0.4792785270819948
02E,Nov,-0.6962726650750604
02F,Nov,-0.6778282418671608
02G,Nov,-0.3162090752441067
02H,Nov,-0.233679710416272
02M,Nov,0.3421343050494592
02N,Nov,-0.20282308126411408
02P,Nov,1.6856446341290798
02Q,Nov,-2.4913117732558128
02R,Nov,-0.9734915912816469
02T,Nov,0.03891397260273877
02V,Nov,-1.473854281852823
02W,Nov,-1.4141195353102987
02X,Nov,1.2402648602465405
02Y,Nov,-0.2689718934911234
03A,Nov,-1.5875120008170853
03C,Nov,-0.6400709395364181
03D,Nov,1.0101377082624943
03E,Nov,-0.8908738366080691
03F,Nov,-0.5446063305233046
03G,Nov,-0.4992948661306009
03H,Nov,0.6463032178217887
03J,Nov,-0.0787897516574887
03K,Nov,0.6690925266903882
03L,Nov,1.080716552465777
03M,Nov,-0.6050907655879989
03N,Nov,-0.8369861390830415
03Q,Nov,-0.5942147361944308
03R,Nov,0.3430500059108681
03T,Nov,-0.6123133116883217
03V,Nov,4.869792354884371
03W,Nov,0.7830881593507861
03X,Nov,-1.208291675722668
03Y,Nov,-0.17654794058069
04C,Nov,1.5913223974906394
04D,Nov,-0.44547509541049735
04E,Nov,1.1692403029607554
04F,Nov,0.9680184621839913
04G,Nov,0.18705556802035161
04H,Nov,0.29622326083048733
04J,Nov,-0.35554344027399765
04K,Nov,-0.3928503901560525
04L,Nov,-0.1831615223254488
04M,Nov,0.0321876495931015
04N,Nov,-1.4186530985593429
04Q,Nov,0.3119331863659518
04R,Nov,-0.00410122232202248
04V,Nov,0.33058117967106426
04X,Nov,-0.4038450412350443
04Y,Nov,1.5718382352941198
05A,Nov,0.17532463617869354
05C,Nov,0.33211922322213994
05D,Nov,0.9591363858562794
05F,Nov,-0.7485431696532494
05G,Nov,0.18615036900368764
05H,Nov,-0.2085159485170749
05J,Nov,0.15468112611318574
05L,Nov,-0.9810619169392076
05N,Nov,0.07815447030004563
05P,Nov,0.757143255813947
05Q,Nov,0.7785738414440964
05R,Nov,0.213786436066858
05T,Nov,-0.7084923958562932
05V,Nov,0.8897977971395683
05W,Nov,-1.2686736064472726
05X,Nov,-1.3788082437276117
05Y,Nov,0.8832341349911452
06A,Nov,-0.2644619278921958
06D,Nov,1.0742091305171435
06F,Nov,0.23501316482359158
06H,Nov,-0.28108912599580194
06K,Nov,0.06416880025152949
06L,Nov,-1.4248115704562707
06M,Nov,-0.12217797401715913
06N,Nov,-0.006037442233331802
06P,Nov,-0.49079213590379567
06Q,Nov,1.2029733662301503
06T,Nov,-0.09011103896104089
06V,Nov,-1.4277112676056305
06W,Nov,0.44003837719298033
06Y,Nov,-0.639625052809464
07G,Nov,-0.9162831322697897
07H,Nov,1.0268703090953082
07J,Nov,-1.8350892204946234
07K,Nov,0.04326934613077427
07L,Nov,-0.12455775352433562
07M,Nov,0.06304640626912672
07N,Nov,1.020578320255737
07P,Nov,-0.8340843789167174
07Q,Nov,-0.41553101629369493
07R,Nov,-0.7172566130351736
07T,Nov,2.143986793968054
07V,Nov,-0.14367278411394224
07W,Nov,-0.06412133782731289
07X,Nov,-0.04513571788569237
07Y,Nov,0.48089034449296264
08A,Nov,0.24684370118533394
08C,Nov,0.43321885826177464
08D,Nov,-0.5413852006867828
08E,Nov,-2.756759967927694
08F,Nov,-0.6589712158358161
08G,Nov,0.8328364323983557
08H,Nov,1.3151855842911857
08J,Nov,2.226221122112218
08K,Nov,-0.05335575139146442
08L,Nov,0.14810105628251335
08M,Nov,-1.0670844834118007
08N,Nov,-0.9580617300482039
08P,Nov,0.3118227457038074
08Q,Nov,1.1253557567917127
08R,Nov,-0.37364682399906357
08T,Nov,0.4464750134336306
08V,Nov,0.1124859401744196
08W,Nov,-0.23876944401663636
08X,Nov,-0.776035875201913
08Y,Nov,-0.41005689742464924
09A,Nov,0.7106185567010286
09C,Nov,0.93155619047619
09D,Nov,-0.8569482922702854
09E,Nov,0.6136351805660993
09F,Nov,-0.1454815513379657
09G,Nov,-1.2154717149220495
09H,Nov,-1.217533023255811
09J,Nov,-0.6507002398081738
09L,Nov,0.7894785119755383
09N,Nov,1.0401983235192986
09P,Nov,1.2313880014199476
09W,Nov,-1.3927991234477695
09X,Nov,-1.2367869815245207
09Y,Nov,0.2309317943336815
10A,Nov,1.061606651025187
10C,Nov,1.4707197506375742
10D,Nov,-1.1018208463088577
10E,Nov,0.30667300380227047
10G,Nov,0.11638697937727471
10H,Nov,-0.3124868827597247
10J,Nov,1.1070905609371415
10K,Nov,0.29992924797443976
10L,Nov,0.9064047619047599
10M,Nov,-0.7253667413213911
10N,Nov,-2.57225960190636
10Q,Nov,0.3496067275747592
10R,Nov,0.7144461611599731
10T,Nov,-1.4557707662588548
10V,Nov,1.8065634804434119
10W,Nov,-1.6422271767190786
10X,Nov,0.5349079401611085
10Y,Nov,0.24503617945007505
11A,Nov,1.0257515308074936
11C,Nov,-1.2958045873216548
11D,Nov,-0.16082578046324514
11E,Nov,-1.051984787600464
11H,Nov,0.664270661643517
11J,Nov,-0.013063703437104834
11M,Nov,-0.1944453020840733
11N,Nov,-2.1050979598445636
11T,Nov,-0.3879349046015754
11X,Nov,0.047759065765209385
12A,Nov,0.14020529334808884
12D,Nov,-1.1806950414089528
12F,Nov,-0.8706097258404668
13P,Nov,-0.006970669131568741
99A,Nov,-1.143719820195546
99C,Nov,3.972694817658356
99D,Nov,0.6014153609041877
99E,Nov,0.2944161703663575
99F,Nov,0.8798619282026721
99G,Nov,0.11909804915125832
99H,Nov,-0.37495103483088954
99J,Nov,0.3005889618549986
99K,Nov,-1.21999084528532
99M,Nov,0.9108260922775564
99N,Nov,1.144949599520512
99P,Nov,-0.15908413544401867
99Q,Nov,0.8334317958039854
00C,Oct,0.0484262233138093
00D,Oct,0.5735300344006333
00F,Oct,0.25693920545745996
00G,Oct,0.0827844427244564
00H,Oct,-0.11056410256410132
00J,Oct,0.7044810724222295
00K,Oct,0.840501694981544
00L,Oct,1.0687803142603016
00M,Oct,-0.2588391224862825
00N,Oct,0.27375667287398997
00P,Oct,0.21635554236534205
00Q,Oct,0.8151800720288058
00R,Oct,1.6657128625193742
00T,Oct,0.798923973611732
00V,Oct,-2.3257408518296288
00W,Oct,0.4985463870589548
00X,Oct,-0.9507981891827555
00Y,Oct,1.346875988464035
01A,Oct,-0.005241207774194123
01C,Oct,0.7987995077198491
01D,Oct,-0.07081307627828437
01E,Oct,-0.6504731485491497
01F,Oct,0.3344691035683205
01G,Oct,-3.9750261058023924
01H,Oct,-0.11258186455344443
01J,Oct,0.023546742913964636
01K,Oct,-0.2684528301886786
01M,Oct,-1.0345095842668606
01N,Oct,1.2360114942528675
01R,Oct,0.6339768956617959
01T,Oct,0.49983838956620374
01V,Oct,1.1353575655114145
01W,Oct,1.189795934142392
01X,Oct,-0.33956525996279296
01Y,Oct,1.5881279930343872
02A,Oct,-0.7703642515923477
02D,Oct,0.23020980518089829
02E,Oct,1.1931465474118141
02F,Oct,-1.1742011354420185
02G,Oct,1.018225157955193
02H,Oct,0.3700917431192714
02M,Oct,1.3571837584591329
02N,Oct,-0.15050507900678056
02P,Oct,2.7587489651655837
02Q,Oct,-0.5668750000000031
02R,Oct,-0.5873851010867561
02T,Oct,0.6003210958904077
02V,Oct,0.1421710283818598
02W,Oct,-1.7380724549067708
02X,Oct,2.1464256072256767
02Y,Oct,0.0521745562130036
03A,Oct,-0.11841895618425724
03C,Oct,-0.045674338035141204
03D,Oct,0.927900374022439
03E,Oct,-1.4470492933471242
03F,Oct,0.5389343088913563
03G,Oct,1.1898709905451952
03H,Oct,2.431766089108905
03J,Oct,1.4159186425441028
03K,Oct,2.4348113879003535
03L,Oct,2.4518311729658535
03M,Oct,1.1754893449092272
03N,Oct,0.3678859356918416
03Q,Oct,0.6612167358867787
03R,Oct,0.9380044922567663
03T,Oct,0.7370745400432845
03V,Oct,3.9592279435326496
03W,Oct,1.880350424197708
03X,Oct,-0.26164312106064
03Y,Oct,0.35468939905468844
04C,Oct,2.3220772214741885
04D,Oct,0.6287562383794842
04E,Oct,2.0923674546706366
04F,Oct,1.2421766495331958
04G,Oct,0.49499439084585717
04H,Oct,0.8021481215171633
04J,Oct,0.5356846299014535
04K,Oct,-0.11454831932773146
04L,Oct,1.0020122864848648
04M,Oct,-0.5443393968405985
04N,Oct,-1.0046352618339789
04Q,Oct,1.2084398846871345
04R,Oct,0.12410864216816186
04V,Oct,1.0504012612835467
04X,Oct,0.44914181938690945
04Y,Oct,2.156024509803924
05A,Oct,1.2550253164557041
05C,Oct,0.9616564043575409
05D,Oct,2.0356037151702786
05F,Oct,-0.41616709332091517
05G,Oct,0.9644584870848689
05H,Oct,0.6268237269166193
05J,Oct,0.5878641195058982
05L,Oct,-0.29469346813576536
05N,Oct,0.25468080220452904
05P,Oct,1.1984241860465055
05Q,Oct,0.7374569830043214
05R,Oct,1.0670734551107621
05T,Oct,1.2458349864080454
05V,Oct,1.521221436791052
05W,Oct,0.049266621893895746
05X,Oct,-0.2930862775217591
05Y,Oct,1.9721993988281739
06A,Oct,1.8633248956694288
06D,Oct,0.13835196059859456
06F,Oct,0.4630468667719789
06H,Oct,0.37180897874666385
06K,Oct,0.5209935767865979
06L,Oct,-0.6919996218805231
06M,Oct,0.2584231977583471
06N,Oct,0.8610124493068021
06P,Oct,-1.1097623592288635
06Q,Oct,1.4196027076611735
06T,Oct,0.09340844155843442
06V,Oct,-0.2315407965031575
06W,Oct,-0.47777412280701625
06Y,Oct,-0.10880228136882408
07G,Oct,0.7391055431131015
07H,Oct,0.6134387862158057
07J,Oct,-0.3008389857038516
07K,Oct,0.8870415916816619
07L,Oct,0.46467257844475185
07M,Oct,0.6008369046161413
07N,Oct,-1.016924343698527
07P,Oct,0.3605172452336163
07Q,Oct,-0.058313709503178046
07R,Oct,1.2149740932642477
07T,Oct,4.049958954225037
07V,Oct,0.4402744167197383
07W,Oct,0.08558620689655783
07X,Oct,-0.2888195181088129
07Y,Oct,2.0035872553776493
08A,Oct,0.39301019939355086
08C,Oct,0.02180448862781148
08D,Oct,-0.2605020815740957
08E,Oct,-1.659543698520297
08F,Oct,-0.700715518024154
08G,Oct,1.5486243302867955
08H,Oct,-0.7056130268199201
08J,Oct,0.8081083108310843
08K,Oct,0.8856045145330924
08L,Oct,0.6233399022544468
08M,Oct,-1.3459717486605065
08N,Oct,-0.15429164434922527
08P,Oct,0.634292334427494
08Q,Oct,0.9640189736955485
08R,Oct,0.48971586239285614
08T,Oct,0.7402727028479248
08V,Oct,1.5018453011655488
08W,Oct,0.21498151855844583
08X,Oct,0.057208195188305666
08Y,Oct,1.0922352569271077
09A,Oct,-0.08072425027052077
09C,Oct,0.34124380952380307
09D,Oct,0.28831130379613157
09E,Oct,1.8449289664895332
09F,Oct,-0.05527643522338721
09G,Oct,-0.6295541202672545
09H,Oct,0.8584651162790671
09J,Oct,-1.2341697841726607
09L,Oct,1.2929692542891082
09N,Oct,2.006018251139988
09P,Oct,0.680169210744296
09W,Oct,0.10924324324325241
09X,Oct,-0.07112076348954233
09Y,Oct,-0.5881622945085674
10A,Oct,1.5089391002754198
10C,Oct,0.19695381127797873
10D,Oct,-0.2236508518043614
10E,Oct,0.18538294405214373
10G,Oct,-0.41361504245854874
10H,Oct,0.274904183315666
10J,Oct,0.28516445145302427
10K,Oct,0.3179493324204046
10L,Oct,1.5236428571428533
10M,Oct,-0.8150111982082855
10N,Oct,-2.2585141575553678
10Q,Oct,0.6129455980066538
10R,Oct,-0.5235072498217299
10T,Oct,-0.40325305859626326
10V,Oct,0.9223446977619751
10W,Oct,-2.0320042243604632
10X,Oct,2.090267548906798
10Y,Oct,-0.499465859755297
11A,Oct,0.816434653654813
11C,Oct,-0.11567455300703955
11D,Oct,-1.448026183282984
11E,Oct,0.8370895522387976
11H,Oct,0.40772074405463243
11J,Oct,1.3380283126387056
11M,Oct,0.4726931443407558
11N,Oct,-1.6669842940414554
11T,Oct,-0.8481582491582458
11X,Oct,0.19843433722597936
12A,Oct,1.8266951796316775
12D,Oct,0.4904392493972125
12F,Oct,-0.679649547202569
13P,Oct,0.8791598825742071
99A,Oct,-0.4862885212475092
99C,Oct,3.8891593090211103
99D,Oct,-1.064815052658627
99E,Oct,0.46338657282079154
99F,Oct,1.0712066274462586
99G,Oct,0.4770813275905823
99H,Oct,0.7569974760222067
99J,Oct,0.09495813797724395
99K,Oct,-0.8539136405248726
99M,Oct,1.6985607636764186
99N,Oct,0.4080760638587648
99P,Oct,0.8310195423328892
99Q,Oct,1.657570249185797
00C,Sep,-0.8957037596826041
00D,Sep,-1.8639838581635217
00F,Sep,-3.074768258426964
00G,Sep,-1.8308765479876108
00H,Sep,-2.473605769230776
00J,Sep,-1.4915588904814108
00K,Sep,-2.437584855496411
00L,Sep,-0.939777053068477
00M,Sep,-1.963788086532599
00N,Sep,-1.5902867783985108
00P,Sep,-2.4106410446653825
00Q,Sep,-2.4830696278511404
00R,Sep,-0.479325880008858
00T,Sep,-1.8768289246140917
00V,Sep,-3.5885278944211123
00W,Sep,-2.095459900372756
00X,Sep,-3.960775553967114
00Y,Sep,-2.73628895711229
01A,Sep,-2.7471286441462297
01C,Sep,-2.235882747818298
01D,Sep,-2.316029617211502
01E,Sep,-2.638231918579475
01F,Sep,-2.35888453727879
01G,Sep,-5.165310806817072
01H,Sep,-2.897388532130986
01J,Sep,-1.7720872700149108
01K,Sep,-2.999812718378763
01M,Sep,-3.423171521035595
01N,Sep,-1.2455071839080567
01R,Sep,-1.6997554381221605
01T,Sep,-2.0317337680748544
01V,Sep,-0.2241470836855477
01W,Sep,-1.716561564690803
01X,Sep,-1.9597346519142285
01Y,Sep,-3.3128567696996107
02A,Sep,-2.7762211385350284
02D,Sep,-1.080749304217516
02E,Sep,-1.9641230839870403
02F,Sep,-2.8285212219518847
02G,Sep,-2.632242006509678
02H,Sep,-1.6152075141983389
02M,Sep,-1.6458693388860048
02N,Sep,-2.0974181715575675
02P,Sep,-0.049758605664493416
02Q,Sep,-2.7651417151162825
02R,Sep,-1.999533118814881
02T,Sep,-2.1784657534246676
02V,Sep,-2.71232829585945
02W,Sep,-2.437782023845923
02X,Sep,0.3280959355547495
02Y,Sep,-2.3915216514254816
03A,Sep,-1.4551516699009248
03C,Sep,-2.4370857048585393
03D,Sep,-0.5499115946956792
03E,Sep,-1.7389279558772834
03F,Sep,-1.9558111977095542
03G,Sep,-1.836288769108421
03H,Sep,-1.5407883663366349
03J,Sep,-2.1969985391617115
03K,Sep,-1.4976737841043928
03L,Sep,-1.334162862969869
03M,Sep,-1.4346033938437301
03N,Sep,-1.8601552582316359
03Q,Sep,-2.5692101215197596
03R,Sep,-1.7067336564605853
03T,Sep,-1.3018371212121238
03V,Sep,0.5384190655969796
03W,Sep,-1.6830121726300256
03X,Sep,-2.5665377091936463
03Y,Sep,-1.596476133767446
04C,Sep,-0.8588004810101175
04D,Sep,-2.409933457285451
04E,Sep,-1.70737319256369
04F,Sep,-0.42530997587329367
04G,Sep,-1.7484948769725541
04H,Sep,-0.998801006651096
04J,Sep,-1.7423792549101762
04K,Sep,-1.6541439075630358
04L,Sep,-1.8939121965837629
04M,Sep,-1.5198228817616073
04N,Sep,-1.8278069974845614
04Q,Sep,-0.8326352382567457
04R,Sep,-1.4505873393993856
04V,Sep,-1.3873142079881333
04X,Sep,-2.986787948215479
04Y,Sep,-0.7959640522875837
05A,Sep,-0.8273473417721426
05C,Sep,-1.7057500507476995
05D,Sep,-1.241903210037485
05F,Sep,-2.582020013963227
05G,Sep,-2.177415129151292
05H,Sep,-2.0817705651930645
05J,Sep,-1.4794541798333753
05L,Sep,-2.44679864129521
05N,Sep,-1.6975375076546193
05P,Sep,-1.3729479069767443
05Q,Sep,0.8262092262218843
05R,Sep,-0.7605246793626179
05T,Sep,-3.1061479685548505
05V,Sep,-0.8516110471806719
05W,Sep,-2.582339825386164
05X,Sep,-2.7024270353302597
05Y,Sep,-1.3147225375862455
06A,Sep,-1.5825265102278223
06D,Sep,-4.04340026520174
06F,Sep,-1.2590236966824655
06H,Sep,-1.1377495614161326
06K,Sep,-1.4889260207519222
06L,Sep,-2.872781068817755
06M,Sep,-1.7848968328097143
06N,Sep,-0.5725587097991074
06P,Sep,-2.524095247184583
06Q,Sep,-0.3472410957170915
06T,Sep,-0.8313701298701339
06V,Sep,-1.8890213695968967
06W,Sep,-2.5547025767543907
06Y,Sep,-2.2773098859315617
07G,Sep,-1.6327630720968855
07H,Sep,-0.944599305947861
07J,Sep,-3.614498591255355
07K,Sep,-1.6972825434913084
07L,Sep,-0.832060027285145
07M,Sep,-1.190547936818902
07N,Sep,-1.7710830185023738
07P,Sep,-1.444496893138874
07Q,Sep,-1.8100210182157852
07R,Sep,-0.739503681483507
07T,Sep,1.035749977692511
07V,Sep,-1.2035604700978446
07W,Sep,-1.8893554576095362
07X,Sep,-2.427733747537509
07Y,Sep,-0.8467952450266836
08A,Sep,0.12351281815675108
08C,Sep,-1.7617367073354444
08D,Sep,-0.4956238603803129
08E,Sep,-2.6874517093082595
08F,Sep,-0.9722285083089268
08G,Sep,-0.28328395839900367
08H,Sep,-0.4448467432950185
08J,Sep,-0.8499879987998789
08K,Sep,-0.829424087816939
08L,Sep,-1.4689815544695044
08M,Sep,-2.792189208204796
08N,Sep,-1.4846243974290338
08P,Sep,-0.27451824676578696
08Q,Sep,-1.2883492884864083
08R,Sep,-0.6581307972290666
08T,Sep,-1.7692786136485772
08V,Sep,-1.7017271171244595
08W,Sep,-1.6662282458031683
08X,Sep,-1.6874003230468482
08Y,Sep,-0.44009117041232315
09A,Sep,-0.5991357388316239
09C,Sep,-2.1157676190476202
09D,Sep,-1.7571058475203571
09E,Sep,-1.047457976358313
09F,Sep,-1.5742037015206947
09G,Sep,-3.2756489977728336
09H,Sep,-1.123311627906972
09J,Sep,-1.7089045563549163
09L,Sep,0.31678444029217445
09N,Sep,-1.641516195299399
09P,Sep,-0.5071932315702199
09W,Sep,-2.5494718772826985
09X,Sep,-2.2552636730698694
09Y,Sep,-2.242440013990901
10A,Sep,-0.9188330103029756
10C,Sep,0.3740323037687716
10D,Sep,-1.1888404469683138
10E,Sep,0.15625475285171575
10G,Sep,-2.1832228063081303
10H,Sep,-1.3001603566189388
10J,Sep,-1.0312998423068294
10K,Sep,-1.5949172657765587
10L,Sep,-2.4997946428571396
10M,Sep,-2.580181970884656
10N,Sep,-4.128651527894597
10Q,Sep,-1.5918446843853822
10R,Sep,-1.3537152365105811
10T,Sep,-1.4949452672247254
10V,Sep,-1.1329847312277792
10W,Sep,-3.0367730579676184
10X,Sep,-1.4697056003068703
10Y,Sep,-1.3000184186291257
11A,Sep,-1.063167336394951
11C,Sep,-2.318977785804588
11D,Sep,-2.7718147029204374
11E,Sep,-3.398993972445478
11H,Sep,-1.2231916647045011
11J,Sep,-1.5652927238917833
11M,Sep,-1.5817742614553403
11N,Sep,-3.0894409812176207
11T,Sep,-3.335686868686871
11X,Sep,-0.5521880762138913
12A,Sep,-1.7971188487471075
12D,Sep,-2.354177586749131
12F,Sep,-2.3449106810569376
13P,Sep,-1.7931966814088973
99A,Sep,-2.7997256592057163
99C,Sep,2.5047389635316684
99D,Sep,-1.7963883894169044
99E,Sep,-1.9113896408590492
99F,Sep,-1.549483731540402
99G,Sep,-1.720524448948563
99H,Sep,-1.2997274103987912
99J,Sep,-1.2376889844830359
99K,Sep,-2.491899603295696
99M,Sep,-1.541247093379031
99N,Sep,-1.0892322781016723
99P,Sep,-1.5801405350939923
99Q,Sep,-0.9061569340301432
